x,y
152.4966583251953,-20.576040267944336
152.4966278076172,-20.57604217529297
152.49661254882812,-20.57604217529297
152.4947967529297,-20.57601547241211
152.488525390625,-20.57591819763184
152.47564697265625,-20.57571220397949
152.44056701660156,-20.575145721435547
152.4165496826172,-20.57477569580078
152.38771057128906,-20.57431983947754
152.3532257080078,-20.57379722595215
152.31805419921875,-20.57327461242676
152.28237915039062,-20.572736740112305
152.2440185546875,-20.572172164916992
152.19915771484375,-20.57154083251953
152.15609741210938,-20.570934295654297
152.1114501953125,-20.5703125
152.06427001953125,-20.56968116760254
152.01449584960938,-20.569019317626957
151.9598388671875,-20.56831741333008
151.9071044921875,-20.56765556335449
151.52420043945312,-20.56342887878418
151.0575714111328,-20.55956077575684
150.5222930908203,-20.556861877441406
149.91580200195312,-20.556047439575195
149.04103088378906,-20.559106826782227
147.99847412109375,-20.56924057006836
147.21453857421875,-20.58152198791504
146.40927124023438,-20.59829330444336
145.54904174804688,-20.62087631225586
144.52589416503906,-20.654003143310547
144.35948181152344,-20.6600341796875
143.9532470703125,-20.675525665283203
143.78277587890625,-20.682342529296875
143.61392211914062,-20.689281463623047
143.4434814453125,-20.696483612060547
143.2710723876953,-20.703947067260746
143.086669921875,-20.71215438842773
142.90081787109375,-20.72064781188965
142.72354125976562,-20.72895050048828
142.53453063964844,-20.738037109375
142.35040283203125,-20.747127532958984
142.1707000732422,-20.75618553161621
141.97708129882812,-20.76619529724121
141.79342651367188,-20.77593231201172
141.5911865234375,-20.78689384460449
141.4005584716797,-20.79745483398437
141.2065887451172,-20.808469772338867
141.00146484375,-20.82036781311035
140.79481506347656,-20.83264923095703
140.5982208251953,-20.844572067260746
140.3912811279297,-20.857404708862305
140.173828125,-20.871204376220703
139.9586639404297,-20.88515281677246
139.76744079589844,-20.89779090881348
139.5621337890625,-20.911645889282227
139.35801696777344,-20.925689697265625
139.14276123046875,-20.940793991088867
138.94606018066406,-20.954853057861328
138.48526000976562,-20.98880958557129
138.25782775878906,-21.00607681274414
138.0393524169922,-21.02297019958496
137.84056091308594,-21.03863906860352
137.62342834472656,-21.056032180786133
137.41339111328125,-21.07316017150879
137.191650390625,-21.091541290283203
136.97555541992188,-21.10978507995605
136.7545623779297,-21.12874794006348
136.5153350830078,-21.149635314941406
136.29490661621094,-21.169214248657227
136.07452392578125,-21.189111709594727
135.8426971435547,-21.210399627685547
135.60865783691406,-21.232236862182617
135.37554931640625,-21.25435256958008
135.12911987304688,-21.27810287475586
134.90335083007812,-21.30023002624512
134.68112182617188,-21.32234764099121
134.42398071289062,-21.34832763671875
134.19580078125,-21.37175178527832
133.96563720703125,-21.395721435546875
133.69371032714844,-21.42449951171875
133.4423828125,-21.451528549194336
132.95571899414062,-21.50506591796875
132.70712280273438,-21.533018112182617
132.46104431152344,-21.561079025268555
132.0428466796875,-21.60971450805664
131.7777099609375,-21.641151428222656
131.5264892578125,-21.67136001586914
131.2701416015625,-21.70261573791504
131.00772094726562,-21.735071182250977
130.7465057373047,-21.767826080322266
130.4949188232422,-21.79980087280273
130.24224853515625,-21.832351684570312
129.9745635986328,-21.867300033569336
129.70811462402344,-21.902549743652344
129.4595947265625,-21.93585586547852
129.17568969726562,-21.974411010742188
128.8917999267578,-22.01351547241211
128.598876953125,-22.05441093444824
128.30262756347656,-22.09636688232422
127.42459869384766,-22.21500396728516
126.97015380859376,-22.27001190185547
126.49317169189452,-22.323057174682617
126.02586364746094,-22.370380401611328
125.90364074707033,-22.381999969482425
125.43547821044922,-22.42361068725586
124.95759582519533,-22.46135711669922
124.48114013671876,-22.49424362182617
124.3321533203125,-22.50355529785156
123.84951782226562,-22.53055191040039
123.35853576660156,-22.55304527282715
122.9042510986328,-22.56940078735352
122.71128845214844,-22.575050354003903
122.21862030029295,-22.585981369018555
121.74473571777344,-22.59174919128418
121.37905883789062,-22.593021392822266
121.09524536132812,-22.59210205078125
120.56523895263672,-22.585914611816406
120.06966400146484,-22.57486724853516
119.8538818359375,-22.568464279174805
119.39054107666016,-22.551454544067383
118.87903594970705,-22.527502059936523
118.39350128173828,-22.499732971191406
118.26183319091795,-22.49135398864746
117.78028869628906,-22.45764541625977
117.27713012695312,-22.417245864868164
116.80966186523438,-22.374961853027344
116.63156127929688,-22.357646942138672
116.12166595458984,-22.304384231567383
115.6108627319336,-22.245532989501957
115.2936553955078,-22.206207275390625
114.98056030273438,-22.16530036926269
114.49662017822266,-22.09796905517578
114.00838470458984,-22.02496719360352
113.78372955322266,-21.989660263061523
113.3511962890625,-21.918628692626957
112.87264251708984,-21.835329055786133
112.34074401855467,-21.73690223693848
112.1838836669922,-21.706701278686523
111.70366668701172,-21.610877990722656
111.20850372314452,-21.50675773620605
110.78816223144533,-21.41410446166992
110.59294128417967,-21.369733810424805
110.08990478515624,-21.25147247314453
109.58224487304688,-21.1263427734375
109.30550384521484,-21.0556640625
108.92725372314452,-20.956241607666016
108.43145751953124,-20.820934295654297
107.94627380371094,-20.683015823364254
107.82852935791016,-20.648719787597656
107.28006744384766,-20.484663009643555
106.77190399169922,-20.326311111450195
106.37782287597656,-20.199256896972656
106.14500427246094,-20.122438430786133
105.65057373046876,-19.954933166503903
105.1707763671875,-19.786659240722656
104.93572998046876,-19.7021427154541
104.5517349243164,-19.561107635498047
104.052001953125,-19.37200736999512
103.53245544433594,-19.168657302856445
103.35910034179688,-19.09926414489746
102.8198013305664,-18.878374099731445
102.28711700439452,-18.65267944335937
102.10221862792967,-18.57257080078125
101.6570053100586,-18.375900268554688
101.1942138671875,-18.165742874145508
100.71363830566406,-17.94124412536621
100.50504302978516,-17.8417911529541
100.02809143066406,-17.609756469726562
99.53980255126952,-17.365434646606445
99.34567260742188,-17.266374588012695
98.97764587402344,-17.075525283813477
98.53421783447266,-16.84021759033203
98.0759735107422,-16.590776443481445
97.96762084960938,-16.53086280822754
97.50704956054688,-16.272071838378906
97.07540130615234,-16.023468017578125
96.67707824707033,-15.788759231567385
96.4163055419922,-15.632291793823242
95.9818115234375,-15.366589546203612
95.5677719116211,-15.107487678527832
95.37911987304688,-14.98748779296875
95.0042953491211,-14.745393753051758
94.58457946777344,-14.468423843383787
94.15999603271484,-14.181792259216309
94.08624267578124,-14.13133144378662
93.6675796508789,-13.841055870056152
93.22052001953124,-13.523785591125488
92.8623046875,-13.26400661468506
92.70712280273438,-13.149904251098633
92.32659149169922,-12.8660249710083
91.91583251953124,-12.552997589111328
91.64596557617188,-12.34351921081543
91.42076873779295,-12.166354179382324
91.02788543701172,-11.852032661437988
90.6297836303711,-11.526610374450684
90.45932006835938,-11.385082244873049
90.15916442871094,-11.132644653320312
89.76080322265625,-10.791107177734377
89.38703155517578,-10.463722229003906
89.2913818359375,-10.378839492797852
88.91230773925781,-10.037968635559082
88.5593032836914,-9.713918685913086
88.17974090576172,-9.358200073242188
88.1194076538086,-9.300943374633787
87.77103424072266,-8.966435432434082
87.40655517578125,-8.609183311462402
87.08909606933594,-8.29178237915039
86.94944763183594,-8.150274276733398
86.60848236083984,-7.799808025360107
86.27973937988281,-7.45508337020874
86.03266906738281,-7.191451549530029
85.84733581542969,-6.991084098815918
85.4819107055664,-6.589240550994873
85.1591567993164,-6.226643562316895
85.01152801513672,-6.058308124542236
84.76995849609375,-5.779445648193359
84.44602966308594,-5.398619651794434
84.1298599243164,-5.019082069396973
84.02666473388672,-4.89348030090332
83.75802612304688,-4.562407493591309
83.45246124267578,-4.178429126739502
83.1240463256836,-3.7566213607788086
83.06798553466797,-3.683650016784668
82.76365661621094,-3.282414436340332
82.46365356445312,-2.878182411193848
82.16974639892578,-2.4734582901000977
82.10868072509766,-2.3882617950439453
81.79767608642578,-1.948134422302246
81.49357604980469,-1.5074462890625
81.29952239990234,-1.2206716537475586
81.16747283935547,-1.0229721069335938
80.89108276367188,-0.6021995544433594
80.60796356201172,-0.1610078811645507
80.46929168701172,0.058969497680664
80.23822784423828,0.4314918518066406
79.96682739257812,0.8789176940917969
79.70614624023438,1.3192625045776367
79.63800048828125,1.436142921447754
79.3451156616211,1.9472875595092771
79.0968246459961,2.392258644104004
78.9321060180664,2.693697929382324
78.77208709716797,2.9915075302124023
78.51654052734375,3.477749824523926
78.25381469726562,3.99213981628418
78.1903076171875,4.118808746337891
77.96127319335938,4.583504676818848
77.7293472290039,5.067324638366699
77.56432342529297,5.420212745666504
77.43472290039062,5.702674388885498
77.19693756103516,6.23379373550415
76.97023010253906,6.756858348846436
76.9073257446289,6.905032157897949
76.68360900878906,7.443543910980225
76.45625305175781,8.01052188873291
76.37139129638672,8.227629661560059
76.17864990234375,8.732577323913574
75.97855377197266,9.275627136230469
75.84201049804688,9.658193588256836
75.74713134765625,9.930176734924316
75.5562515258789,10.493871688842772
75.35981750488281,11.09925651550293
75.30992889404297,11.257454872131348
75.14079284667969,11.808626174926758
74.98410034179688,12.341368675231934
74.92005157470703,12.56589412689209
74.78900909423828,13.038694381713867
74.642578125,13.590543746948242
74.52839660644531,14.040131568908691
74.4507064819336,14.356950759887695
74.32221984863281,14.902464866638184
74.19561767578125,15.46995449066162
74.1487808227539,15.68846321105957
74.03016662597656,16.265422821044922
73.91925811767578,16.840335845947266
73.88388061523438,17.031999588012695
73.77928161621094,17.626182556152344
73.6771240234375,18.25357818603516
73.63529205322266,18.526691436767575
73.55287170410156,19.09865951538086
73.47294616699219,19.706111907958984
73.43253326416016,20.03852844238281
73.38810729980469,20.428342819213867
73.32682037353516,21.01985740661621
73.27761840820312,21.556013107299805
73.25299072265625,21.8525447845459
73.20785522460938,22.466209411621094
73.17221069335938,23.05004501342773
73.15863800048828,23.3095645904541
73.13152313232422,23.93954086303711
73.1134033203125,24.537185668945312
73.10942077636719,24.71627426147461
73.10066223144531,25.349897384643555
73.09989929199219,25.92753028869629
73.10124969482422,26.127206802368164
73.1072006225586,26.58459854125977
73.11265563964844,26.947025299072266
73.11833953857422,27.32456588745117
73.12444305419922,27.73012924194336
73.13005065917969,28.10249710083008
73.13543701171875,28.460155487060547
73.14128875732422,28.84859085083008
73.14625549316406,29.178821563720703
73.15155792236328,29.53079605102539
73.15692901611328,29.887311935424805
73.16169738769531,30.20418930053711
73.1666488647461,30.53292465209961
73.17143249511719,30.85087203979492
73.17633819580078,31.176597595214844
73.18111419677734,31.493989944458008
73.1860122680664,31.81924057006836
73.19160461425781,32.190513610839844
73.19656372070312,32.5201530456543
73.20138549804688,32.84001159667969
73.2059326171875,33.14218521118164
73.21061706542969,33.453147888183594
73.2156982421875,33.791053771972656
73.22020721435547,34.0900764465332
73.22472381591797,34.390071868896484
73.22978210449219,34.72640609741211
73.23468017578125,35.051753997802734
73.23946380615234,35.36903762817383
73.24410247802734,35.677146911621094
73.2486801147461,35.98149871826172
73.2538070678711,36.32204818725586
73.25867462158203,36.645320892333984
73.26319122314453,36.94502258300781
73.26763916015625,37.24040603637695
73.27276611328125,37.58091735839844
73.27717590332031,37.87389373779297
73.28173065185547,38.17657470703125
73.2856216430664,38.43906021118164
73.2872314453125,38.61674880981445
73.28752136230469,38.7944564819336
73.2864761352539,38.97202682495117
73.28404998779297,39.15277862548828
73.27989196777344,39.347843170166016
73.27470397949219,39.52545166015625
73.26806640625,39.70619583129883
73.24881744384766,40.1002197265625
73.23829650878906,40.27306365966797
73.22664642333984,40.44413375854492
73.21354675292969,40.61784362792969
73.19853210449219,40.798828125
73.18197631835938,40.98129653930664
73.14047241210938,41.383583068847656
73.11737060546875,41.5826301574707
73.09539031982422,41.75969696044922
73.07476806640625,41.91666030883789
73.05099487304688,42.08833312988281
72.98890686035156,42.49930953979492
72.96212768554688,42.662967681884766
72.93272399902344,42.83489227294922
72.89917755126953,43.02238464355469
72.86712646484375,43.193939208984375
72.78907775878906,43.585411071777344
72.75335693359375,43.75401306152344
72.71649169921875,43.92195892333984
72.67472839355469,44.10559844970703
72.63556671142578,44.27195358276367
72.59745788574219,44.42890167236328
72.49598693847656,44.82592391967773
72.45243835449219,44.98809051513672
72.40504455566406,45.159576416015625
72.355712890625,45.332969665527344
72.30953979492188,45.49092102050781
72.19281005859375,45.8732795715332
72.13263702392578,46.06184005737305
72.08009338378906,46.22223663330078
72.02583312988281,46.383934020996094
71.96883392333984,46.5497932434082
71.9091796875,46.71925354003906
71.76902770996094,47.10219192504883
71.70579528808594,47.268592834472656
71.64407348632812,47.4275016784668
71.57329559326172,47.60562896728516
71.51041412353516,47.760520935058594
71.35594177246094,48.12834167480469
71.27519226074219,48.31402587890625
71.20599365234375,48.46979141235352
71.13282775878906,48.63127136230469
71.0556640625,48.798187255859375
70.88468933105469,49.156494140625
70.80850982666016,49.31133270263672
70.71971130371094,49.48832702636719
70.64276885986328,49.638790130615234
70.55720520019531,49.803070068359375
70.47295379638672,49.96183395385742
70.27656555175781,50.32110977172852
70.19087219238281,50.47339630126953
70.1098861694336,50.61495208740234
70.0092544555664,50.78776550292969
69.91858673095703,50.94066619873047
69.70769500732422,51.286582946777344
69.61711883544922,51.4311752319336
69.52505493164062,51.57582473754883
69.42013549804688,51.737884521484375
69.32381439208984,51.88420104980469
69.10799407958984,52.2037353515625
69.01309967041016,52.34077453613281
68.90885162353516,52.48897933959961
68.80523681640625,52.63396835327149
68.70549774169922,52.771366119384766
68.59617614746094,52.91964721679688
68.36183166503906,53.22959899902344
68.24163055419922,53.38459014892578
68.13786315917969,53.51629257202149
68.02627563476562,53.65581512451172
67.91636657714844,53.79117584228516
67.6734619140625,54.08327865600586
67.56199645996094,54.21418762207031
67.44178009033203,54.35326385498047
67.3260498046875,54.4851188659668
67.21022033691406,54.61515426635742
67.09745025634766,54.73993682861328
66.83000946044922,55.02889251708984
66.70759582519531,55.15801239013672
66.5924301147461,55.27773666381836
66.46961975097656,55.403587341308594
66.33797454833984,55.53644180297852
66.07128143310547,55.799293518066406
65.94143676757812,55.92432403564453
65.80491638183594,56.053741455078125
65.66874694824219,56.18081665039063
65.53827667236328,56.30070877075195
65.24774169921875,56.56138610839844
65.111083984375,56.681060791015625
64.97721862792969,56.796504974365234
64.83131408691406,56.92040252685547
64.68608856201172,57.04171752929688
64.55072784423828,57.15303802490234
64.25672912597656,57.38915252685547
64.11506652832031,57.500221252441406
63.972686767578125,57.61012268066406
63.81579208374024,57.72924041748047
63.663063049316406,57.843257904052734
63.35888671875,58.06473159790039
63.21103286743164,58.16975021362305
63.039772033691406,58.28929901123047
62.888668060302734,58.39292907714844
62.7249870300293,58.503265380859375
62.38843536376953,58.72401809692383
62.22599792480469,58.82767105102539
62.05736923217773,58.93333435058594
61.89270782470703,59.034629821777344
61.73028564453125,59.13275146484375
61.39833068847656,59.32786178588867
61.23064041137695,59.42368316650391
61.04619598388672,59.52701568603516
60.873634338378906,59.62174606323242
60.69797897338867,59.71628952026367
60.34731674194336,59.899391174316406
60.17694854736328,59.985687255859375
59.97921752929688,60.08370971679688
59.784427642822266,60.17804718017578
59.611427307128906,60.260009765625
59.23970031738281,60.4304084777832
59.05437469482422,60.512489318847656
58.878543853759766,60.58861541748047
58.67329406738281,60.67537689208984
58.473392486572266,60.75771331787109
58.094329833984375,60.90803527832031
57.875099182128906,60.99155807495117
57.68994140625,61.06018829345703
57.47962188720703,61.13603973388672
57.10366821289063,61.266075134277344
56.90171432495117,61.3330307006836
56.70050048828125,61.39776611328125
56.49810409545898,61.460899353027344
56.27778244018555,61.52737045288086
55.88428497314453,61.64033508300781
55.68037033081055,61.69601058959961
55.44821166992188,61.75701904296875
55.23229598999024,61.81153106689453
54.8398323059082,61.90512847900391
54.60831069946289,61.95704650878906
54.38859176635742,62.00408935546875
54.18013381958008,62.04671096801758
53.978309631347656,62.08613586425781
53.57862091064453,62.15887069702149
53.3530158996582,62.19682312011719
53.118289947509766,62.23394012451172
52.90615081787109,62.26542663574219
52.514766693115234,62.318397521972656
52.28295516967773,62.34664916992188
52.07039260864258,62.37052917480469
51.82405853271485,62.395782470703125
51.63515853881836,62.41339874267578
51.178260803222656,62.44971466064453
50.95737457275391,62.46409606933594
50.72108840942383,62.477195739746094
50.489036560058594,62.48776245117188
50.0849838256836,62.50074005126953
49.857948303222656,62.505027770996094
49.62436676025391,62.50716400146485
49.39578628540039,62.50703430175781
48.98078918457031,62.50118255615234
48.71952819824219,62.49375915527344
48.50409698486328,62.48549270629883
48.26801681518555,62.47417449951172
47.86048889160156,62.449100494384766
47.52668762207031,62.423954010009766
47.145606994628906,62.39461898803711
46.718528747558594,62.36174392700195
46.33320617675781,62.33208084106445
45.94133758544922,62.30191421508789
45.55093383789063,62.2718620300293
45.13433074951172,62.23978805541992
44.74739837646485,62.21000289916992
44.33219909667969,62.178035736083984
43.89698791503906,62.14453506469727
43.45314025878906,62.1103630065918
43.0343017578125,62.078121185302734
42.63935852050781,62.0477180480957
42.22300720214844,62.01566696166992
41.79973602294922,61.98308181762695
41.35073852539063,61.94852066040039
40.93611145019531,61.91659927368164
40.53194427490234,61.8854866027832
40.09442138671875,61.85180282592773
39.66520690917969,61.81875991821289
39.23644256591797,61.7857551574707
38.8013916015625,61.75226211547852
38.379432678222656,61.71978378295898
37.91680145263672,61.68416976928711
37.49320983886719,61.65156173706055
37.06222534179688,61.61838150024414
36.63035583496094,61.58513259887695
36.12879943847656,61.5465202331543
35.690879821777344,61.512813568115234
35.27436065673828,61.48074722290039
34.83686065673828,61.44706344604492
34.33672332763672,61.40856552124024
33.915260314941406,61.37611770629883
33.45534133911133,61.34071731567383
32.97060775756836,61.30339431762695
32.54438400268555,61.27058792114258
32.0578727722168,61.23313522338867
31.59506607055664,61.19750595092773
31.14908218383789,61.16317367553711
30.686946868896484,61.12759780883789
30.209453582763672,61.09083938598633
29.762081146240234,61.056400299072266
29.263011932373047,61.01797866821289
28.754024505615234,60.97879409790039
28.266796112060547,60.941287994384766
27.74429702758789,60.901065826416016
27.29059219360352,60.86613845825195
26.82101821899414,60.82999038696289
26.34853744506836,60.79361343383789
25.85854721069336,60.75589370727539
25.3850212097168,60.71944046020508
24.918514251708984,60.68352890014648
24.48547744750977,60.65019607543945
24.00980758666992,60.61357498168945
23.51568984985352,60.57553482055664
23.037899017333984,60.53875350952149
22.56647109985352,60.50246810913086
22.02938461303711,60.46111679077149
21.528018951416016,60.42251968383789
20.98183822631836,60.38047409057617
20.44663619995117,60.33927536010742
19.97464370727539,60.30294418334961
19.492855072021484,60.26585006713867
19.026416778564453,60.22994613647461
18.54302978515625,60.19272994995117
18.05809783935547,60.155399322509766
17.551586151123047,60.11640548706055
17.02098846435547,60.07555770874024
16.468135833740234,60.03300094604492
15.967632293701172,59.99447250366211
15.440628051757812,59.95389938354492
14.89168930053711,59.91164016723633
14.395160675048828,59.873416900634766
13.859806060791016,59.83220291137695
13.375808715820312,59.79494857788086
12.813522338867188,59.75165939331055
12.257587432861328,59.708866119384766
11.72515869140625,59.66787338256836
11.194046020507812,59.62698745727539
10.673053741455078,59.58687973022461
10.091320037841797,59.5421028137207
9.535110473632812,59.4992790222168
9.019145965576172,59.45956039428711
8.479690551757812,59.41803359985352
7.923664093017578,59.3752326965332
7.377292633056641,59.33317184448242
6.833896636962891,59.29133987426758
6.263946533203125,59.24746322631836
5.69476318359375,59.20363998413086
5.141105651855469,59.1610221862793
4.571338653564453,59.11716079711914
3.9399449825286874,59.06855392456055
3.389263153076172,59.02615737915039
2.7683029174804688,58.97835922241211
2.2049293518066406,58.93498611450195
1.644180178642273,58.89181900024414
1.0795210599899292,58.84835433959961
0.5444830656051636,58.80716323852539
-0.0561257600784301,58.760929107666016
-0.6681787967681885,58.713809967041016
-1.193573236465454,58.67336654663086
-1.758159875869751,58.62990188598633
-2.316986322402954,58.58687973022461
-2.9117660522460938,58.54109573364258
-3.439029693603516,58.50050735473633
-4.0240020751953125,58.45547103881836
-4.607601165771484,58.41054153442383
-5.162269592285156,58.36784744262695
-5.7157745361328125,58.32523727416992
-6.270263671875,58.28255081176758
-6.843418121337891,58.23843002319336
-7.42864990234375,58.1933708190918
-8.002704620361328,58.1491813659668
-8.601776123046875,58.10306167602539
-9.174880981445312,58.0589485168457
-9.796855926513672,58.01106643676758
-10.340763092041016,57.96919631958008
-10.90665054321289,57.92563247680664
-11.524173736572266,57.87809371948242
-12.06427764892578,57.83651351928711
-12.640827178955078,57.7921257019043
-13.23892593383789,57.746089935302734
-13.821069717407228,57.70127487182617
-14.410497665405272,57.6558952331543
-15.02174949645996,57.60883712768555
-15.59329605102539,57.56483840942383
-16.172000885009766,57.52029037475586
-16.77178192138672,57.474117279052734
-17.342769622802734,57.4301643371582
-17.9660701751709,57.38218307495117
-18.56971549987793,57.33571243286133
-19.121002197265625,57.293270111083984
-19.69349670410156,57.24920272827149
-20.24729347229004,57.20656967163086
-20.88520622253418,57.1574592590332
-21.43536758422852,57.11510848999024
-22.021265029907227,57.07000350952149
-22.549516677856445,57.02933883666992
-23.121973037719727,56.98527145385742
-23.65414428710937,56.94430160522461
-24.21987533569336,56.9007453918457
-24.80076026916504,56.85602951049805
-25.33938980102539,56.8145637512207
-25.96316909790039,56.766544342041016
-26.49390983581543,56.72568893432617
-27.075464248657227,56.6809196472168
-27.59721946716309,56.640750885009766
-28.11381149291992,56.60098648071289
-28.6130428314209,56.56255722045898
-29.176820755004883,56.5191535949707
-29.678577423095703,56.48052597045898
-30.210254669189453,56.43959426879883
-30.728139877319336,56.39973068237305
-31.224565505981445,56.361515045166016
-31.72042655944824,56.32333755493164
-32.238990783691406,56.28342056274414
-32.74790954589844,56.24424362182617
-33.239723205566406,56.20637893676758
-33.75769805908203,56.16650772094727
-34.217742919921875,56.1310920715332
-34.68684387207031,56.0949821472168
-35.16112518310547,56.05846786499024
-35.659889221191406,56.02006912231445
-36.14029693603516,55.98308944702149
-36.61981201171875,55.9461784362793
-37.09356689453125,55.90970230102539
-37.60209655761719,55.87055587768555
-38.05534362792969,55.83566665649414
-38.50132751464844,55.80133438110352
-38.98429107666016,55.7641487121582
-39.41538238525391,55.7309684753418
-39.88636016845703,55.694705963134766
-40.29686737060547,55.66310501098633
-40.74445343017578,55.6286506652832
-41.184120178222656,55.59480667114258
-41.62260437011719,55.5610466003418
-42.04534912109375,55.528507232666016
-42.44471740722656,55.49776077270508
-42.87548065185547,55.464603424072266
-43.33526611328125,55.42920303344727
-43.72353363037109,55.39931106567383
-44.15357971191406,55.366207122802734
-44.57975006103516,55.33340072631836
-44.95642852783203,55.30440139770508
-45.34577178955078,55.27443313598633
-45.725345611572266,55.24355697631836
-45.98889923095703,55.21965408325195
-46.264644622802734,55.19245147705078
-46.517486572265625,55.16555404663086
-46.76079940795898,55.13787841796875
-47.2188720703125,55.081031799316406
-47.469120025634766,55.04733276367188
-47.728912353515625,55.01038360595703
-47.96351623535156,54.97527694702149
-48.19880294799805,54.93841552734375
-48.645503997802734,54.86382675170898
-48.88755416870117,54.82088470458984
-49.12771224975586,54.77652359008789
-49.362831115722656,54.731388092041016
-49.81557083129883,54.63968276977539
-50.06032180786133,54.58747100830078
-50.29064178466797,54.536651611328125
-50.502471923828125,54.48843765258789
-50.74268341064453,54.43206787109375
-51.15493774414063,54.33106994628906
-51.37031555175781,54.27616882324219
-51.58205032348633,54.22074508666992
-51.78352737426758,54.16667938232422
-52.03065490722656,54.09856414794922
-52.468597412109375,53.97298049926758
-52.66549682617188,53.91447448730469
-52.86837387084961,53.85285949707031
-53.09474182128906,53.78247833251953
-53.30057144165039,53.717018127441406
-53.69255065917969,53.58838653564453
-53.91887283325195,53.51175308227539
-54.15301513671875,53.43061065673828
-54.36334228515625,53.35612487792969
-54.57485961914063,53.27964782714844
-54.96405792236328,53.134857177734375
-55.19633102416992,53.04589080810547
-55.39518737792969,52.96820068359375
-55.61023712158203,52.882572174072266
-55.82115936279297,52.79694366455078
-56.21052551269531,52.63461685180664
-56.41870880126953,52.54551315307617
-56.62343978881836,52.45630645751953
-56.85016632080078,52.35566711425781
-57.06668472290039,52.25772476196289
-57.468353271484375,52.071250915527344
-57.67033386230469,51.9750862121582
-57.89429473876953,51.86658477783203
-58.09038925170898,51.76992416381836
-58.30175018310547,51.66401290893555
-58.67656707763672,51.47168731689453
-58.88650131225586,51.36144256591797
-59.11417388916016,51.23976135253906
-59.31719207763672,51.12942123413086
-59.51768112182617,51.01869201660156
-59.874393463134766,50.817378997802734
-60.10894775390625,50.68194580078125
-60.30419921875,50.56730651855469
-60.49835968017578,50.45159912109375
-60.71760559082031,50.31885528564453
-61.06231689453125,50.10559844970703
-61.28221893310547,49.96661376953125
-61.48959732055664,49.83338928222656
-61.68067169189453,49.70878601074219
-61.88415145874024,49.57408905029297
-62.2413330078125,49.33259963989258
-62.41913604736328,49.209938049316406
-62.61328887939453,49.07411193847656
-62.81478118896485,48.9310302734375
-63.01273727416992,48.788330078125
-63.347991943359375,48.541748046875
-63.543739318847656,48.39486312866211
-63.74128341674805,48.24441146850586
-63.933692932128906,48.0956916809082
-64.25604248046875,47.84163284301758
-64.44261932373047,47.691707611083984
-64.6333236694336,47.536251068115234
-64.83206176757812,47.37180709838867
-65.0328140258789,47.203125
-65.35296630859375,46.928688049316406
-65.56269836425781,46.745155334472656
-65.7519302368164,46.57698822021485
-65.95582580566406,46.39296340942383
-66.13640594482422,46.22750854492188
-66.47238159179688,45.91328430175781
-66.65288543701172,45.74095916748047
-66.85108947753906,45.54880905151367
-67.02336883544922,45.37929534912109
-67.32524108886719,45.07640838623047
-67.5250473022461,44.87174606323242
-67.710693359375,44.678504943847656
-67.88823699951172,44.490867614746094
-68.05643463134766,44.31047439575195
-68.35717010498047,43.98136138916016
-68.54290008544922,43.77376556396485
-68.71845245361328,43.57441711425781
-68.8880615234375,43.37883758544922
-69.19160461425781,43.02125549316406
-69.3636245727539,42.81417083740234
-69.54447174072266,42.59283447265625
-69.71885681152344,42.37581253051758
-69.99099731445312,42.02984619140625
-70.17201232910156,41.794578552246094
-70.32608795166016,41.59099578857422
-70.47994995117188,41.38451385498047
-70.62786102294922,41.18292999267578
-70.90209197998047,40.80089569091797
-71.06043243408203,40.5752182006836
-71.22097778320312,40.3423957824707
-71.37969970703125,40.10810470581055
-71.63404083251953,39.72386169433594
-71.79502868652344,39.47474670410156
-71.9500732421875,39.23029327392578
-72.08995056152344,39.00579071044922
-72.318359375,38.63072967529297
-72.45584106445312,38.3996696472168
-72.60595703125,38.1426010131836
-72.76176452636719,37.87025833129883
-72.98717498779297,37.465782165527344
-73.127197265625,37.20790481567383
-73.25662994384766,36.96475982666016
-73.3893814086914,36.710426330566406
-73.5862045288086,36.32353591918945
-73.7200698852539,36.05328369140625
-73.84272003173828,35.800350189208984
-73.96409606933594,35.54474258422852
-74.14860534667969,35.14540100097656
-74.26663208007812,34.88274383544922
-74.39669036865234,34.58627700805664
-74.50891876220703,34.32419967651367
-74.68841552734375,33.89204788208008
-74.7956314086914,33.625732421875
-74.90718078613281,33.341644287109375
-75.00495910644531,33.08638000488281
-75.15892028808594,32.67153549194336
-75.26213073730469,32.383934020996094
-75.3651123046875,32.08867645263672
-75.46482849121094,31.79425811767578
-75.59867858886719,31.38457489013672
-75.69852447509766,31.06713485717773
-75.79105377197266,30.76297378540039
-75.87036895751953,30.493831634521484
-75.99375915527344,30.058162689208984
-76.07889556884766,29.744096755981445
-76.15306091308594,29.46048927307129
-76.22622680664062,29.170509338378903
-76.33975982666016,28.697940826416016
-76.41180419921875,28.38177299499512
-76.47489166259766,28.092998504638672
-76.53936767578125,27.784757614135746
-76.63148498535156,27.31769371032715
-76.68790435791016,27.01349258422852
-76.74208068847656,26.70586395263672
-76.79071807861328,26.41482734680176
-76.86190795898438,25.957881927490234
-76.90630340576172,25.650325775146484
-76.95294952392578,25.303791046142575
-76.98644256591797,25.036880493164062
-77.0476303100586,24.497892379760746
-77.08024597167969,24.17444610595703
-77.11039733886719,23.843896865844727
-77.15006256103516,23.34196281433105
-77.17913818359375,22.924989700317383
-77.21324920654297,22.434669494628903
-77.24412536621094,21.99087142944336
-77.27662658691406,21.5238094329834
-77.3076171875,21.07830047607422
-77.34567260742188,20.53137969970703
-77.38200378417969,20.009145736694336
-77.41900634765625,19.47734260559082
-77.45711517333984,18.929615020751957
-77.49513244628906,18.38316345214844
-77.53166961669922,17.857927322387695
-77.56816101074219,17.33351707458496
-77.60546112060547,16.797395706176758
-77.64112854003906,16.284692764282227
-77.67535400390625,15.792707443237305
-77.71072387695312,15.284330368041992
-77.74449920654297,14.798873901367188
-77.78014373779297,14.28663444519043
-77.81416320800781,13.79757308959961
-77.84855651855469,13.303251266479492
-77.88443756103516,12.787525177001951
-77.91948699951172,12.283723831176758
-77.95453643798828,11.780004501342772
-77.98977661132812,11.273431777954102
-78.02606964111328,10.751781463623049
-78.064208984375,10.203596115112305
-78.09976196289062,9.692623138427734
-78.13606262207031,9.170846939086914
-78.17194366455078,8.6551513671875
-78.20687866210938,8.152971267700195
-78.24251556396484,7.640764236450195
-78.2781982421875,7.127891540527344
-78.31623077392578,6.58130407333374
-78.35131072998047,6.077067852020264
-78.39039611816406,5.515246868133545
-78.42630004882812,4.999186038970947
-78.46390533447266,4.458677768707275
-78.50037384033203,3.9344944953918457
-78.53755950927734,3.4000582695007324
-78.57498931884766,2.862067222595215
-78.6131820678711,2.3130593299865723
-78.65150451660156,1.7623428106307983
-78.68953704833984,1.2156261205673218
-78.72618865966797,0.6888440847396851
-78.76362609863281,0.1507430076599121
-78.8017807006836,-0.397716760635376
-78.84086608886719,-0.9594388008117676
-78.87873840332031,-1.5038456916809082
-78.91921997070312,-2.0856683254241943
-78.9593276977539,-2.6620965003967285
-79.00465393066406,-3.3136682510375977
-79.04039764404297,-3.827414512634277
-79.07964324951172,-4.391145706176758
-79.11846923828125,-4.955296516418457
-79.15340423583984,-5.471084117889404
-79.18744659423828,-5.981561660766602
-79.22579956054688,-6.567059516906738
-79.26022338867188,-7.102190017700195
-79.29654693603516,-7.6767730712890625
-79.33203125,-8.249198913574219
-79.36476135253906,-8.786746978759766
-79.39602661132812,-9.3102445602417
-79.42620849609375,-9.82453727722168
-79.46102905273438,-10.429973602294922
-79.4929428100586,-10.997020721435549
-79.5234146118164,-11.550277709960938
-79.55188751220703,-12.077142715454102
-79.57908630371094,-12.591219902038574
-79.61888122558594,-13.362710952758787
-79.64614868164062,-13.905698776245115
-79.67213439941406,-14.43537712097168
-79.69769287109375,-14.96746826171875
-79.72430419921875,-15.535706520080566
-79.75205993652344,-16.143644332885742
-79.77725219726562,-16.710664749145508
-79.80097198486328,-17.259244918823242
-79.82274627685547,-17.775646209716797
-79.8455810546875,-18.332210540771484
-79.86906433105469,-18.9212589263916
-79.88980865478516,-19.457115173339844
-79.9129638671875,-20.074806213378903
-79.93353271484375,-20.642114639282227
-79.95591735839844,-21.281963348388672
-79.97498321533203,-21.845823287963867
-79.99276733398438,-22.391069412231445
-80.01203155517578,-23.00497436523437
-80.0294418334961,-23.581676483154297
-80.04563903808594,-24.14019012451172
-80.06112670898438,-24.695974349975582
-80.07720947265625,-25.299043655395508
-80.09423065185547,-25.97109031677246
-80.10791778564453,-26.54033851623535
-80.12012481689453,-27.073198318481445
-80.13402557373047,-27.714046478271484
-80.14984130859375,-28.4956111907959
-80.1611099243164,-29.09539794921875
-80.17105102539062,-29.66127586364746
-80.18049621582031,-30.237701416015625
-80.18928527832031,-30.815412521362305
-80.19639587402344,-31.32106590270996
-80.20406341552734,-31.91181945800781
-80.21135711669922,-32.5351448059082
-80.21751403808594,-33.124855041503906
-80.22241973876953,-33.6527214050293
-80.22675323486328,-34.18440246582031
-80.23067474365234,-34.73908996582031
-80.2338638305664,-35.27737808227539
-80.23646545410156,-35.81504440307617
-80.2384033203125,-36.339988708496094
-80.23982238769531,-36.87247848510742
-80.24070739746094,-37.48752212524414
-80.24085998535156,-37.99077987670898
-80.24040985107422,-38.52336883544922
-80.23947143554688,-39.03486633300781
-80.23796081542969,-39.54817199707031
-80.23577880859375,-40.087623596191406
-80.23309326171875,-40.61720275878906
-80.22991180419922,-41.12848663330078
-80.22624969482422,-41.634910583496094
-80.2218246459961,-42.16595077514648
-80.21710205078125,-42.66617584228516
-80.21211242675781,-43.14680480957031
-80.20674133300781,-43.61669921875
-80.19757080078125,-44.37471771240234
-80.19119262695312,-44.8996467590332
-80.18513488769531,-45.399208068847656
-80.17892456054688,-45.91084289550781
-80.17253112792969,-46.43820190429688
-80.16677856445312,-46.91187286376953
-80.16072082519531,-47.41054153442383
-80.15483093261719,-47.896934509277344
-80.14930725097656,-48.351844787597656
-80.1431884765625,-48.85594177246094
-80.1373291015625,-49.33915710449219
-80.13154602050781,-49.81581115722656
-80.12568664550781,-50.29873275756836
-80.12031555175781,-50.74137496948242
-80.11441040039062,-51.22702407836914
-80.10812377929688,-51.74567413330078
-80.10240173339844,-52.21788787841797
-80.09629821777344,-52.720584869384766
-80.09091186523438,-53.164306640625
-80.08544921875,-53.61474609375
-80.08016967773438,-54.04893493652344
-80.0745849609375,-54.50962066650391
-80.06924438476562,-54.94932556152344
-80.06375122070312,-55.40245056152344
-80.05868530273438,-55.81961441040039
-80.05349731445312,-56.24701690673828
-80.04835510253906,-56.67093276977539
-80.04307556152344,-57.10614776611328
-80.03813171386719,-57.51388549804688
-80.03309631347656,-57.92913055419922
-80.02847290039062,-58.30112838745117
-80.02313232421875,-58.585182189941406
-80.0157699584961,-58.85859298706055
-80.00596618652344,-59.13905715942383
-79.9935302734375,-59.42644119262695
-79.98013305664062,-59.68775177001953
-79.95176696777344,-60.146854400634766
-79.9337158203125,-60.39707565307617
-79.91242980957031,-60.6639289855957
-79.88931274414062,-60.92794036865234
-79.84650421142578,-61.36529541015625
-79.8180923461914,-61.62776947021485
-79.78998565673828,-61.87068939208984
-79.75861358642578,-62.12549591064453
-79.72804260253906,-62.35995101928711
-79.667236328125,-62.79314041137695
-79.63116455078125,-63.03282928466797
-79.59577178955078,-63.25766372680664
-79.55460357666016,-63.50771331787109
-79.4798583984375,-63.93500518798828
-79.44096374511719,-64.14566802978516
-79.39749908447266,-64.37285614013672
-79.35315704345703,-64.59642791748047
-79.30560302734375,-64.82806396484375
-79.26101684570312,-65.03821563720703
-79.16966247558594,-65.44998168945312
-79.11786651611328,-65.67341613769531
-79.06431579589844,-65.89756774902344
-79.00523376464844,-66.13758850097656
-78.90154266357422,-66.54183197021484
-78.84330749511719,-66.76033782958984
-78.78266143798828,-66.98200988769531
-78.71973419189453,-67.20606994628906
-78.65388488769531,-67.43452453613281
-78.59061431884766,-67.64861297607422
-78.46341705322266,-68.06438446044922
-78.3955078125,-68.27896118164062
-78.3221435546875,-68.50545501708984
-78.24822235107422,-68.72844696044922
-78.11144256591797,-69.12816619873047
-78.03729248046875,-69.33842468261719
-77.95821380615234,-69.55799102783203
-77.87646484375,-69.78019714355469
-77.79254913330078,-70.00350189208984
-77.64517211914062,-70.38478088378906
-77.55609893798828,-70.60889434814453
-77.46531677246094,-70.83267211914062
-77.37275695800781,-71.0563735961914
-77.27444458007812,-71.28919982910156
-77.11164855957031,-71.66460418701172
-77.0122299194336,-71.88801574707031
-76.90890502929688,-72.11578369140625
-76.8008804321289,-72.34931945800781
-76.69415283203125,-72.57564544677734
-76.51630401611328,-72.943603515625
-76.4123306274414,-73.1537094116211
-76.29634094238281,-73.38389587402344
-76.18413543701172,-73.60260009765625
-76.07197570800781,-73.81743621826172
-75.87582397460938,-74.18455505371094
-75.75447845458984,-74.40641784667969
-75.64543151855469,-74.6025619506836
-75.52641296386719,-74.81326293945312
-75.39381408691406,-75.04403686523438
-75.17283630371094,-75.41963958740234
-75.04158020019531,-75.63772583007812
-74.8980712890625,-75.8720474243164
-74.77102661132812,-76.07603454589844
-74.56405639648438,-76.40174102783203
-74.4220199584961,-76.62066650390625
-74.27565002441406,-76.842529296875
-74.13902282714844,-77.04631805419922
-73.99334716796875,-77.26020812988281
-73.76216888427734,-77.59268951416016
-73.6265869140625,-77.78384399414062
-73.49397277832031,-77.96819305419922
-73.35945892333984,-78.1526107788086
-73.22296905517578,-78.33714294433594
-72.964599609375,-78.67952728271484
-72.8105697631836,-78.87947845458984
-72.6571273803711,-79.07571411132812
-72.51655578613281,-79.25293731689453
-72.37547302246094,-79.42843627929688
-72.1124267578125,-79.74948120117188
-71.96204376220703,-79.92951202392578
-71.8095474243164,-80.10958862304688
-71.6412353515625,-80.305419921875
-71.48334503173828,-80.48649597167969
-71.22089385986328,-80.78190612792969
-71.0528793334961,-80.96748352050781
-70.89470672607422,-81.13972473144531
-70.73806762695312,-81.30801391601562
-70.57984161376953,-81.4757308959961
-70.30623626708984,-81.76054382324219
-70.13866424560547,-81.93177795410156
-69.96819305419922,-82.10355377197266
-69.80284118652344,-82.26787567138672
-69.64615631103516,-82.42156219482422
-69.35330963134766,-82.70361328125
-69.18184661865234,-82.86568450927734
-69.00509643554688,-83.03046417236328
-68.82609558105469,-83.19499206542969
-68.65217590332031,-83.35262298583984
-68.3587417602539,-83.6137466430664
-68.18549346923828,-83.76512908935547
-68.00775909423828,-83.9183349609375
-67.8223648071289,-84.07589721679688
-67.64044189453125,-84.22834777832031
-67.33795928955078,-84.47713470458984
-67.16529083251953,-84.61658477783203
-66.97710418701172,-84.76649475097656
-66.78971099853516,-84.91365814208984
-66.60093688964844,-85.05978393554688
-66.28608703613281,-85.29889678955078
-66.08523559570312,-85.44849395751953
-65.87918853759766,-85.59960174560547
-65.6898193359375,-85.7364273071289
-65.49441528320312,-85.87557220458984
-65.16517639160156,-86.10542297363281
-64.96424865722656,-86.24291229248047
-64.7605972290039,-86.38014221191406
-64.5660400390625,-86.50928497314453
-64.37176513671875,-86.6363525390625
-64.01851654052734,-86.86266326904297
-63.81128692626953,-86.99261474609375
-63.600135803222656,-87.1229248046875
-63.38312530517578,-87.25468444824219
-63.19001388549805,-87.3700942993164
-62.81357192993164,-87.59017944335938
-62.59414291381836,-87.71554565429688
-62.3773193359375,-87.83732604980469
-62.152339935302734,-87.96151733398438
-61.78427505493164,-88.1600112915039
-61.56078338623047,-88.27774047851562
-61.338172912597656,-88.3929443359375
-61.11327362060547,-88.50723266601562
-60.877967834472656,-88.6246109008789
-60.48696517944336,-88.8147201538086
-60.25262451171875,-88.92574310302734
-60.02073669433594,-89.03350067138672
-59.79762268066406,-89.13520812988281
-59.401065826416016,-89.31126403808594
-59.16275405883789,-89.41419982910156
-58.923927307128906,-89.51522064208984
-58.67906951904297,-89.61662292480469
-58.4247932434082,-89.71957397460938
-57.99863815307617,-89.88687133789062
-57.75098037719727,-89.98109436035156
-57.5078010559082,-90.07150268554688
-57.2493896484375,-90.16529846191406
-56.84202194213867,-90.30844116210938
-56.57077407836914,-90.40056610107422
-56.317012786865234,-90.4844970703125
-56.06346130371094,-90.56617736816406
-55.62576675415039,-90.7021026611328
-55.3753776550293,-90.77699279785156
-55.10950469970703,-90.85425567626952
-54.82815933227539,-90.9334945678711
-54.55638885498047,-91.0075912475586
-54.12572860717773,-91.12014770507812
-53.84526824951172,-91.19024658203124
-53.555118560791016,-91.26014709472656
-53.28792572021485,-91.32215881347656
-52.84787368774414,-91.41942596435548
-52.58789443969727,-91.47404479980467
-52.30818176269531,-91.5304946899414
-52.03190994262695,-91.58386993408205
-51.5982666015625,-91.66294860839844
-51.3214111328125,-91.71043395996094
-51.03926467895508,-91.75643157958984
-50.74322891235352,-91.80211639404295
-50.29526138305664,-91.86624145507812
-49.9976806640625,-91.905517578125
-49.71781539916992,-91.94004821777344
-49.44197463989258,-91.9718017578125
-48.97129821777344,-92.02079010009766
-48.68191146850586,-92.04766845703124
-48.38330078125,-92.07281494140624
-48.10918045043945,-92.09358978271484
-47.64097213745117,-92.12399291992188
-47.338134765625,-92.14024353027344
-47.04761505126953,-92.15331268310548
-46.75752258300781,-92.1639175415039
-46.301719665527344,-92.17561340332033
-46.00238800048828,-92.18000030517578
-45.696380615234375,-92.18180084228516
-45.3580436706543,-92.18063354492188
-44.91038131713867,-92.1739501953125
-44.614200592041016,-92.16632080078124
-44.15703201293945,-92.15275573730467
-43.71113967895508,-92.13951110839844
-43.233158111572266,-92.12530517578124
-42.74446487426758,-92.1107940673828
-42.262882232666016,-92.09649658203124
-41.77263259887695,-92.08192443847656
-41.32599258422852,-92.06866455078124
-40.81103897094727,-92.05337524414062
-40.387149810791016,-92.04078674316406
-39.90219497680664,-92.02638244628906
-39.44939041137695,-92.01292419433594
-38.95354080200195,-91.99819946289062
-38.51240921020508,-91.98509216308594
-38.03714370727539,-91.97097778320312
-37.59479141235352,-91.95783996582033
-37.15793228149414,-91.9448699951172
-36.67618179321289,-91.93055725097656
-36.21480178833008,-91.91685485839844
-35.77864456176758,-91.90390014648438
-35.25717544555664,-91.88841247558594
-34.7459602355957,-91.87322998046876
-34.312198638916016,-91.8603515625
-33.789066314697266,-91.84480285644533
-33.33534622192383,-91.83132934570312
-32.86578750610352,-91.8173828125
-32.36134719848633,-91.80239868164062
-31.848012924194336,-91.7871551513672
-31.3974666595459,-91.77377319335938
-30.91719627380371,-91.75950622558594
-30.41132164001465,-91.74449157714844
-29.932531356811523,-91.7302703857422
-29.42894554138184,-91.71530151367188
-28.90248680114746,-91.69967651367188
-28.372915267944336,-91.68394470214844
-27.841955184936523,-91.6681671142578
-27.32689476013184,-91.6528778076172
-26.820043563842773,-91.6378173828125
-26.3138484954834,-91.62278747558594
-25.795568466186523,-91.60739135742188
-25.289648056030277,-91.59236145019533
-24.7988338470459,-91.57778930664062
-24.273412704467773,-91.56217956542967
-23.75829124450684,-91.546875
-23.249425888061523,-91.53176879882812
-22.72273826599121,-91.51612854003906
-22.18706321716309,-91.50021362304688
-21.65736961364746,-91.48448181152344
-21.14325523376465,-91.46920776367188
-20.618032455444336,-91.45361328125
-20.072622299194336,-91.43740844726562
-19.55098533630371,-91.4219207763672
-19.006689071655277,-91.40574645996094
-18.4633846282959,-91.38961791992188
-17.92830467224121,-91.37371826171876
-17.39070701599121,-91.35775756835938
-16.862356185913086,-91.34205627441406
-16.29793357849121,-91.32530212402344
-15.688268661499023,-91.30718994140624
-15.159872055053713,-91.29150390625
-14.611257553100586,-91.27520751953124
-14.087636947631836,-91.2596435546875
-13.490041732788086,-91.2418975830078
-12.931081771850586,-91.2252960205078
-12.375600814819336,-91.20880126953124
-11.829397201538086,-91.1925811767578
-11.253667831420898,-91.17547607421876
-10.708852767944336,-91.1593017578125
-10.13210105895996,-91.14216613769533
-9.581365585327148,-91.12580871582033
-9.030508041381836,-91.10945129394533
-8.478108406066895,-91.09303283691406
-7.9322099685668945,-91.07682800292967
-7.355534553527832,-91.0596923828125
-6.79527759552002,-91.04306030273438
-6.223492622375488,-91.0260772705078
-5.627972602844238,-91.00839233398438
-5.086636543273926,-90.9923095703125
-4.476048469543457,-90.9741668701172
-3.906743049621582,-90.95726013183594
-3.3521547317504883,-90.9407958984375
-2.792912483215332,-90.92417907714844
-2.264073610305786,-90.90847778320312
-1.6945621967315674,-90.8915557861328
-1.1445666551589966,-90.87522888183594
-0.5618487596511841,-90.85791015625
0.0265301465988159,-90.84043884277344
0.6237590909004211,-90.8227081298828
1.1967341899871826,-90.80567932128906
1.7753171920776367,-90.78849792480467
2.360247611999512,-90.77113342285156
2.988123893737793,-90.75247192382812
3.583125114440918,-90.73480224609376
4.1942548751831055,-90.71665954589844
4.793231010437012,-90.69886779785156
5.390765190124512,-90.68112182617188
5.970232963562012,-90.66390991210938
6.650980949401856,-90.64369201660156
7.228327751159668,-90.62654113769533
7.807650089263916,-90.6093292236328
8.935083389282227,-90.57585144042967
10.044839859008787,-90.54287719726562
10.62962532043457,-90.5255126953125
11.238801956176758,-90.50741577148438
11.89731788635254,-90.48786926269533
12.520402908325195,-90.4693603515625
13.144311904907228,-90.45082092285156
13.798044204711914,-90.43141174316406
14.37315559387207,-90.41432189941406
14.97849464416504,-90.39634704589844
15.64402198791504,-90.3765869140625
16.275033950805664,-90.35783386230467
16.88694953918457,-90.33966064453124
17.508508682250977,-90.32119750976562
18.12477302551269,-90.30290222167967
18.763551712036133,-90.28392028808594
19.3972110748291,-90.26510620117188
20.043161392211918,-90.24592590332033
20.656145095825195,-90.22772216796876
21.31999397277832,-90.20799255371094
21.984628677368164,-90.18826293945312
22.52995491027832,-90.17205810546876
23.18064308166504,-90.15274047851562
23.80695533752441,-90.13412475585938
24.46213722229004,-90.11466979980467
25.06185340881348,-90.09686279296876
25.709306716918945,-90.07763671875
26.321596145629883,-90.0594482421875
26.96365547180176,-90.04037475585938
27.584566116333008,-90.02192687988281
28.21734046936035,-90.00314331054688
28.863168716430664,-89.98394775390625
29.537172317504883,-89.96394348144531
30.163537979125977,-89.94532775878906
30.85283851623535,-89.92486572265625
31.47544288635254,-89.9063720703125
32.06235885620117,-89.88893127441406
32.71051406860352,-89.86968994140625
33.3333854675293,-89.85118103027344
33.988460540771484,-89.83172607421875
34.62728500366211,-89.81275939941406
35.25435256958008,-89.79412841796875
35.91798782348633,-89.7744140625
36.59536361694336,-89.75430297851562
37.2435188293457,-89.73504638671875
37.88871383666992,-89.71588134765625
38.51992416381836,-89.6971435546875
39.16701126098633,-89.67791748046875
39.82165145874024,-89.65847778320312
40.5014533996582,-89.63829040527344
41.16615676879883,-89.61854553222656
41.82573318481445,-89.59895324707031
42.46223831176758,-89.58004760742188
43.11716842651367,-89.56059265136719
43.75687789916992,-89.54159545898438
44.50231552124024,-89.51945495605469
45.13773727416992,-89.50057983398438
45.79520797729492,-89.48104858398438
46.56545639038086,-89.45817565917969
47.22869491577149,-89.4384765625
48.48250198364258,-89.40122985839844
49.16630172729492,-89.38092041015625
49.87273025512695,-89.35993957519531
50.60721969604492,-89.338134765625
51.26129531860352,-89.31869506835938
52.02595901489258,-89.29598999023438
52.72843551635742,-89.27513122558594
53.35261154174805,-89.256591796875
54.00339889526367,-89.23725891113281
54.69954299926758,-89.21658325195312
55.370601654052734,-89.1966552734375
56.1739616394043,-89.17279052734375
56.93064498901367,-89.15031433105469
57.59019088745117,-89.13072204589844
58.2578353881836,-89.11090087890625
58.90550231933594,-89.09165954589844
59.601192474365234,-89.07099914550781
60.25890350341797,-89.05146789550781
60.95668411254883,-89.03073120117188
61.6501350402832,-89.01014709472656
62.33676528930664,-88.98974609375
63.117652893066406,-88.966552734375
63.78013610839844,-88.94688415527344
64.49010467529297,-88.92579650878906
65.20215606689453,-88.90464782714844
65.87747955322266,-88.88458251953125
66.55402374267578,-88.86448669433594
67.21112823486328,-88.844970703125
67.91276550292969,-88.82412719726562
68.65612030029297,-88.80204772949219
69.3747329711914,-88.78071594238281
70.12702178955078,-88.75836181640625
70.79810333251953,-88.73843383789062
71.53721618652344,-88.71647644042969
72.21170043945312,-88.69644165039062
72.91825103759766,-88.67546081542969
73.67730712890625,-88.65292358398438
74.41876220703125,-88.63088989257812
75.05811309814453,-88.61190795898438
75.73436737060547,-88.59182739257812
76.53433990478516,-88.56805419921875
77.2136459350586,-88.54788208007812
77.97168731689453,-88.52537536621094
78.70757293701172,-88.50350952148438
79.35565948486328,-88.48426818847656
80.04850006103516,-88.46368408203125
80.7685775756836,-88.44229125976562
81.52814483642578,-88.41973876953125
82.29059600830078,-88.3970947265625
82.98004913330078,-88.37661743164062
83.65631866455078,-88.35652160644531
85.0609359741211,-88.31480407714844
85.83141326904297,-88.29193115234375
86.57547760009766,-88.26982116699219
87.3007583618164,-88.248291015625
88.03681182861328,-88.22642517089844
88.77960205078125,-88.20436096191406
89.49117279052734,-88.1832275390625
90.20076751708984,-88.16215515136719
90.96768951416016,-88.13937377929688
91.6744613647461,-88.11837768554688
92.45623016357422,-88.09515380859375
93.17756652832033,-88.07373046875
93.92738342285156,-88.05146789550781
94.65526580810548,-88.02984619140625
95.39151763916016,-88.00798034667969
96.11831665039062,-87.98638916015625
96.8490219116211,-87.96469116210938
97.55461883544922,-87.9437255859375
98.34056854248048,-87.92037963867188
99.0527801513672,-87.89923095703125
99.8738784790039,-87.87484741210938
100.58464813232422,-87.85372924804688
101.26958465576172,-87.83338928222656
101.96448516845705,-87.81275939941406
102.66431427001952,-87.79196166992188
103.46834564208984,-87.76808166503906
104.12870025634766,-87.74847412109375
104.80039978027344,-87.728515625
105.52676391601562,-87.70695495605469
106.21500396728516,-87.68650817871094
106.93566131591795,-87.66510009765625
107.7114028930664,-87.64205932617188
108.37423706054688,-87.62237548828125
109.04422760009766,-87.60247802734375
109.73130798339844,-87.58206176757812
110.4216537475586,-87.56156921386719
111.1554183959961,-87.53976440429688
111.7823486328125,-87.52114868164062
112.46562957763672,-87.5008544921875
113.14639282226562,-87.48063659667969
113.8027801513672,-87.46113586425781
114.45564270019533,-87.44174194335938
115.12931060791016,-87.42173767089844
115.7749252319336,-87.40255737304688
116.40485382080078,-87.38385009765625
117.05982208251952,-87.36439514160156
117.73602294921876,-87.34431457519531
118.32322692871094,-87.32687377929688
118.9387435913086,-87.30859375
119.54724884033205,-87.29052734375
120.17343139648438,-87.27192687988281
120.79305267333984,-87.25352478027344
121.41126251220705,-87.23515319824219
121.9174346923828,-87.21881103515625
122.43557739257812,-87.19956970214844
122.9606475830078,-87.17747497558594
123.50008392333984,-87.15205383300781
124.10466003417967,-87.12028503417969
124.5840301513672,-87.0926284790039
125.31005859375,-87.04657745361328
125.7786102294922,-87.01419830322266
126.34214782714844,-86.97248840332031
126.82364654541016,-86.9344482421875
127.31533813476562,-86.89332580566406
127.78524017333984,-86.85184478759766
128.30006408691406,-86.80400085449219
128.97039794921875,-86.73787689208984
129.43663024902344,-86.68934631347656
129.89830017089844,-86.63924407958984
130.442138671875,-86.57757568359375
130.8894500732422,-86.52471160888672
131.3262481689453,-86.47124481201172
131.81814575195312,-86.4088134765625
132.4824981689453,-86.32076263427734
132.93846130371094,-86.25785827636719
133.37501525878906,-86.19573974609375
133.7832489013672,-86.13595581054688
134.19808959960938,-86.07355499267578
134.6457061767578,-86.00431823730469
135.06622314453125,-85.9375
135.6856689453125,-85.83588409423828
136.11395263671875,-85.76341247558594
136.55511474609375,-85.6868896484375
137.00448608398438,-85.60696411132812
137.39988708496094,-85.53497314453125
137.7911834716797,-85.46219635009766
138.2200469970703,-85.38068389892578
138.5990753173828,-85.30712127685547
139.22393798828125,-85.18270111083984
139.60305786132812,-85.10530853271484
139.9671630859375,-85.02961730957031
140.35374450683594,-84.94778442382812
140.74551391601562,-84.86331176757812
141.1050262451172,-84.78443908691406
141.4915771484375,-84.69815826416016
141.86683654785156,-84.61295318603516
142.41270446777344,-84.4864273071289
142.7694549560547,-84.402099609375
143.1339569091797,-84.31458282470703
143.48544311523438,-84.22888946533203
143.8444366455078,-84.14006042480469
144.1985626220703,-84.05113220214844
144.54342651367188,-83.96326446533203
144.8890380859375,-83.87397766113281
145.24246215820312,-83.7813949584961
145.81207275390625,-83.62939453125
146.11807250976562,-83.54634094238281
146.4488067626953,-83.45547485351562
146.77488708496094,-83.36474609375
147.08218383789062,-83.27820587158203
147.4332275390625,-83.17813110351562
147.74887084960938,-83.08702850341797
148.05148315429688,-82.99868774414062
148.41281127929688,-82.89192199707031
148.6995391845703,-82.80619812011719
149.1626739501953,-82.6658706665039
149.48324584960938,-82.5673828125
149.79946899414062,-82.4691390991211
150.07366943359375,-82.38307189941406
150.36166381835938,-82.29179382324219
150.66053771972656,-82.19610595703125
150.94796752929688,-82.1031723022461
151.2257537841797,-82.01248168945312
151.54176330566406,-81.90827941894531
151.81935119628906,-81.81583404541016
152.26829528808594,-81.66452026367188
152.53128051757812,-81.57483673095703
152.7964630126953,-81.48362731933594
153.09425354003906,-81.38038635253906
153.4024200439453,-81.27342224121094
153.71470642089844,-81.16502380371094
154.0325927734375,-81.0546875
154.33985900878906,-80.94804382324219
154.64170837402344,-80.84327697753906
154.93983459472656,-80.73980712890625
155.23214721679688,-80.63835144042969
155.5255584716797,-80.5364990234375
155.84068298339844,-80.4271240234375
156.12069702148438,-80.32994079589844
156.42982482910156,-80.22264099121094
156.71351623535156,-80.12417602539062
156.9796142578125,-80.03181457519531
157.27102661132812,-79.9306640625
157.56068420410156,-79.83013916015625
157.85394287109375,-79.72834777832031
158.14834594726562,-79.62615966796875
158.425048828125,-79.53012084960938
158.7424774169922,-79.41995239257812
158.9866943359375,-79.33509063720703
159.12094116210938,-79.28726196289062
159.27394104003906,-79.23101806640625
159.4049530029297,-79.18135070800781
159.53489685058594,-79.13072967529297
159.82850646972656,-79.01124572753906
159.96023559570312,-78.95528411865234
160.18643188476562,-78.85574340820312
160.32363891601562,-78.79320526123047
160.4611053466797,-78.72889709472656
160.69125366210938,-78.617431640625
160.8206787109375,-78.55264282226562
161.04454040527344,-78.4368667602539
161.172607421875,-78.36849212646484
161.30746459960938,-78.2947998046875
161.52879333496094,-78.1699447631836
161.6581573486328,-78.09468078613281
161.88059997558594,-77.96123504638672
162.0067138671875,-77.88323974609375
162.13433837890625,-77.80258178710938
162.3481903076172,-77.66336822509766
162.47592163085938,-77.57774353027344
162.69020080566406,-77.42984771728516
162.81475830078125,-77.34134674072266
162.9432373046875,-77.24808502197266
163.15786743164062,-77.08757781982422
163.29954528808594,-76.97836303710938
163.50604248046875,-76.81429290771484
163.6284637451172,-76.7142562866211
163.83311462402344,-76.54212188720703
163.9662322998047,-76.42681884765625
164.16835021972656,-76.24647521972656
164.2947998046875,-76.13025665283203
164.48985290527344,-75.94575500488281
164.60055541992188,-75.83805847167969
164.72732543945312,-75.7120132446289
164.9147186279297,-75.52011108398438
165.02586364746094,-75.4030532836914
165.20472717285156,-75.20925903320312
165.30795288085938,-75.09427642822266
165.4903564453125,-74.88523864746094
165.60122680664062,-74.75431060791016
165.70721435546875,-74.62625122070312
165.87847900390625,-74.41316223144531
165.98402404785156,-74.27783203125
166.1525421142578,-74.05501556396484
166.25137329101562,-73.92025756835938
166.41160583496094,-73.6949462890625
166.50938415527344,-73.55304718017578
166.66204833984375,-73.32440948486328
166.75482177734375,-73.18092346191406
166.90513610839844,-72.94068908691406
166.99520874023438,-72.791748046875
167.1397247314453,-72.54443359375
167.22999572753906,-72.38430786132812
167.36941528320312,-72.12787628173828
167.5142822265625,-71.85570526123047
167.65980529785156,-71.57991027832031
167.81063842773438,-71.29145812988281
167.95338439941406,-71.01604461669922
168.09754943847656,-70.7353515625
168.24557495117188,-70.44447326660156
168.3896484375,-70.15873718261719
168.6315460205078,-69.67294311523438
168.78460693359375,-69.36148071289062
168.92799377441406,-69.06685638427734
169.0727996826172,-68.766357421875
169.2183074951172,-68.4613037109375
169.36024475097656,-68.16077423095703
169.50494384765625,-67.85124206542969
169.63951110839844,-67.56051635742188
169.7776641845703,-67.25906372070312
169.99998474121094,-66.76729583740234
170.1326446533203,-66.4698715209961
170.2647705078125,-66.17061614990234
170.40560913085938,-65.84819030761719
170.54074096679688,-65.5354232788086
170.6776123046875,-65.21505737304688
170.81675720214844,-64.88563537597656
170.94482421875,-64.57909393310547
171.07310485839844,-64.26860046386719
171.28208923339844,-63.755218505859375
171.4062957763672,-63.44552612304688
171.53623962402344,-63.11775207519531
171.66586303710938,-62.78689193725586
171.78982543945312,-62.46656799316406
171.91726684570312,-62.13327026367188
172.03729248046875,-61.81549072265625
172.16734313964844,-61.46685791015625
172.2903594970703,-61.132694244384766
172.49154663085938,-60.576805114746094
172.62355041503906,-60.20547103881836
172.7576446533203,-59.8226318359375
172.8691864013672,-59.49966812133789
172.9757843017578,-59.187042236328125
173.08642578125,-58.85829544067383
173.1992950439453,-58.51842498779297
173.3152313232422,-58.16426467895508
173.42691040039062,-57.817996978759766
173.59552001953125,-57.285621643066406
173.69314575195312,-56.9716796875
173.79331970214844,-56.64515686035156
173.9009246826172,-56.289058685302734
173.99790954589844,-55.9632453918457
174.0921173095703,-55.64228057861328
174.1891632080078,-55.30657196044922
174.2890625,-54.95557022094727
174.3737335205078,-54.65360641479492
174.5228271484375,-54.11110305786133
174.60330200195312,-53.81245803833008
174.68914794921875,-53.4890251159668
174.77227783203125,-53.170894622802734
174.86976623535156,-52.791465759277344
174.95654296875,-52.45208740234375
175.0525665283203,-52.07654571533203
175.14154052734375,-51.72858047485352
175.23129272460938,-51.37754821777344
175.33416748046875,-50.975215911865234
175.42324829101562,-50.62677383422852
175.5092315673828,-50.29049682617188
175.60118103027344,-49.93086242675781
175.6886749267578,-49.58876800537109
175.8180694580078,-49.082664489746094
175.90484619140625,-48.74329376220703
175.99884033203125,-48.37569427490234
176.07968139648438,-48.05952835083008
176.17210388183594,-47.698036193847656
176.2520294189453,-47.38543701171875
176.33358764648438,-47.06645202636719
176.4259490966797,-46.70525360107422
176.50083923339844,-46.41236114501953
176.5940399169922,-46.047813415527344
176.67193603515625,-45.74319839477539
176.7501983642578,-45.43710708618164
176.82778930664062,-45.13360977172852
176.907470703125,-44.82196807861328
176.98739624023438,-44.509422302246094
177.06411743164062,-44.20936584472656
177.1402130126953,-43.91175079345703
177.2150421142578,-43.61909103393555
177.29098510742188,-43.32205581665039
177.36349487304688,-43.03844451904297
177.4328155517578,-42.767356872558594
177.50918579101562,-42.4686393737793
177.58192443847656,-42.18415069580078
177.6573944091797,-41.88899612426758
177.73338317871094,-41.59183120727539
177.8002471923828,-41.3303108215332
177.87127685546875,-41.05251693725586
177.94161987304688,-40.77737045288086
178.00772094726562,-40.51889419555664
178.0760498046875,-40.25166702270508
178.14208984375,-39.99337768554688
178.20860290527344,-39.73321914672852
178.27633666992188,-39.46830368041992
178.3468780517578,-39.19242477416992
178.40780639648438,-38.954132080078125
178.4708251953125,-38.70765686035156
178.53518676757812,-38.45591354370117
178.60446166992188,-38.18500518798828
178.66465759277344,-37.94958114624024
178.72557067871094,-37.711334228515625
178.7919158935547,-37.451847076416016
178.84002685546875,-37.263633728027344
178.86109924316406,-37.178741455078125
178.8817901611328,-37.09192657470703
178.90391540527344,-36.99494552612305
178.92214965820312,-36.91118240356445
178.941162109375,-36.81970977783203
178.9802703857422,-36.615501403808594
178.9970245361328,-36.51970291137695
179.02883911132812,-36.31920623779297
179.04055786132812,-36.237579345703125
179.0533447265625,-36.14200210571289
179.0763702392578,-35.94724655151367
179.08514404296875,-35.862327575683594
179.09376525878906,-35.77042007446289
179.10865783691406,-35.581748962402344
179.11453247070312,-35.490116119384766
179.11962890625,-35.39640426635742
179.12741088867188,-35.19580841064453
179.1295623779297,-35.104225158691406
179.13087463378906,-35.00913619995117
179.13055419921875,-34.814537048339844
179.12890625,-34.715614318847656
179.12637329101562,-34.62221145629883
179.11769104003906,-34.41872024536133
179.1118621826172,-34.31940460205078
179.09725952148438,-34.1228141784668
179.08786010742188,-34.01845932006836
179.07838439941406,-33.92460632324219
179.05569458007812,-33.72926330566406
179.04129028320312,-33.62059020996094
179.02850341796875,-33.53135299682617
178.9957275390625,-33.325531005859375
178.97842407226562,-33.22727584838867
178.9400634765625,-33.02772521972656
178.9208526611328,-32.93562698364258
178.90066528320312,-32.84346389770508
178.85525512695312,-32.65025329589844
178.82901000976562,-32.546199798583984
178.7788543701172,-32.359676361083984
178.75135803222656,-32.26335144042969
178.7224884033203,-32.16614532470703
178.6634979248047,-31.97835922241211
178.62979125976562,-31.876747131347656
178.59539794921875,-31.776832580566406
178.52867126464844,-31.59248733520508
178.48684692382812,-31.48262596130371
178.41366577148438,-31.299560546875
178.37393188476562,-31.204578399658203
178.3328399658203,-31.10920143127441
178.24960327148438,-30.92428207397461
178.20465087890625,-30.828611373901367
178.11683654785156,-30.64923095703125
178.05665588378906,-30.531509399414062
178.0082244873047,-30.43963623046875
177.90945434570312,-30.259429931640625
177.85687255859375,-30.167041778564453
177.7482452392578,-29.983543395996094
177.69065856933594,-29.88991355895996
177.6371307373047,-29.80497360229492
177.52853393554688,-29.638540267944336
177.456787109375,-29.532638549804688
177.33888244628906,-29.36492156982422
177.27647399902344,-29.27915382385254
177.15280151367188,-29.11492919921875
177.08941650390625,-29.033544540405277
177.02310180664062,-28.95030212402344
176.89097595214844,-28.78993225097656
176.81857299804688,-28.705013275146484
176.68594360351562,-28.554500579833984
176.6087646484375,-28.46976852416992
176.52256774902344,-28.377534866333008
176.3831329345703,-28.233348846435547
176.1589813232422,-28.013750076293945
175.975341796875,-27.840560913085938
175.7374725341797,-27.61627578735352
175.505859375,-27.39788818359375
175.358154296875,-27.259859085083008
175.22926330566406,-27.141307830810547
174.99110412597656,-26.926746368408203
174.84237670898438,-26.795637130737305
174.71255493164062,-26.68296432495117
174.567626953125,-26.5590934753418
174.419921875,-26.43488311767578
174.13397216796875,-26.20008659362793
173.98851013183594,-26.08345031738281
173.85067749023438,-25.974624633789062
173.7061767578125,-25.862274169921875
173.57029724121094,-25.75823974609375
173.26132202148438,-25.527324676513672
173.13121032714844,-25.432373046875
172.98219299316406,-25.32524871826172
172.81396484375,-25.20639038085937
172.66424560546875,-25.1024169921875
172.52359008789062,-25.006256103515625
172.2257537841797,-24.80742645263672
172.05099487304688,-24.69370460510254
171.91058349609375,-24.603900909423828
