ss,right,left
0.0,9.134992817364429,9.135008675519208
0.5,9.098513720269976,9.17148656818254
1.0,9.06432041057088,9.205680841045476
1.5,9.032366781477789,9.237637248244848
2.0,9.002602008893087,9.267401731891285
2.5,8.97497541378648,9.295020404606815
3.0,8.949448396198633,9.320537301087112
3.5,8.92599150823815,9.343994939096586
4.0,8.904563126153766,9.365442348351658
4.5,8.885057504394705,9.384961927485271
5.0,8.867364056330576,9.402637808290141
5.5,8.851608167298524,9.418394559962188
6.0,8.837769415141327,9.432224008128543
6.5,8.826233099793956,9.443760277397027
7.0,8.816949585090159,9.453043777511416
7.5,8.809910341439465,9.460083007715005
8.0,8.805013532714602,9.464979760128076
8.5,8.802227384012713,9.467765977904351
9.0,8.801477326467962,9.468516037943381
9.5,8.80274737385554,9.467245982668814
10.0,8.805935792317301,9.464057535269685
10.5,8.811011407245088,9.458981904980341
11.0,8.817927947521513,9.452065404246683
11.5,8.82659603487538,9.443397310042164
12.0,8.837006493841342,9.432986863744352
12.5,8.84906444280737,9.42092882541151
13.0,8.862732838629217,9.407260494954672
13.5,8.877909190547966,9.392092868416722
14.0,8.89395419015967,9.376041628196038
14.5,8.910560170021018,9.359441281719224
15.0,8.927691343864089,9.342305097547156
15.5,8.945266778103862,9.324732683675146
16.0,8.963278112106073,9.306730916622804
16.5,8.981637101843301,9.288370956138937
17.0,9.000309192371805,9.26968121358483
17.5,9.019226897215,9.250767048400826
18.0,9.038347820351209,9.231645120681353
18.5,9.057629991374093,9.212377495634643
19.0,9.076978742334074,9.193018532180767
19.5,9.096364503961404,9.173641117670321
20.0,9.115728461565725,9.154272383542741
20.5,9.135013240912492,9.134981236639543
21.0,9.154160284741092,9.115842560665158
21.5,9.173117057317096,9.09687607854134
22.0,9.191818159131914,9.078186315798076
22.5,9.210210158682079,9.059780038735756
23.0,9.228254183669923,9.041756007749264
23.5,9.245849084943842,9.024152219634413
24.0,9.262960050865486,9.007043242558733
24.5,9.2795374333484,8.990460836497773
25.0,9.295488452404344,8.974502497505291
25.5,9.310811972850708,8.959187369500595
26.0,9.325397962476302,8.944602989707997
26.5,9.33919044120637,8.930808953506665
27.0,9.352128109941251,8.917871313959841
27.5,9.364169225331326,8.905831177908055
28.0,9.375242166486382,8.894759732821493
28.5,9.38528412672124,8.884721229493392
29.0,9.394206379132076,8.87578928356128
29.5,9.401986012630394,8.868007989197151
30.0,9.40854087259651,8.861451384725182
30.5,9.413840861223317,8.856173364931678
31.0,9.417756470686259,8.852239798634074
31.5,9.42025855525031,8.849740861248502
32.0,9.421289440313362,8.848710906582813
32.5,9.420771615314367,8.849223563936379
33.0,9.418644010754662,8.851343288599825
33.5,9.414858370763408,8.8551427354587
34.0,9.409314280476854,8.860686143166385
34.5,9.401963410555647,8.868032903936681
35.0,9.392739034008242,8.87727004717619
35.5,9.381555849487444,8.888446525759502
36.0,9.368370984159329,8.901627972929457
36.5,9.353136017048753,8.916870423536155
37.0,9.335703050116138,8.934286851277504
37.5,9.316091390668344,8.953907349337822
38.0,9.294175492914738,8.975830463387302
38.5,9.269910683880568,9.000087106626477
39.0,9.243218869596227,9.02678225269712
39.5,9.214018705360374,9.055974776420564
40.0,9.182279100544736,9.087715852797514
40.5,9.147879861702192,9.12212344659362
41.0,9.110807401568556,9.159185163064086
41.5,9.071268786384941,9.198724578810863
42.0,9.02964974566585,9.240356049382623
42.5,8.986374088466414,9.283623234930484
43.0,8.941852159816328,9.328140355700576
43.5,8.896515188051314,9.373487449087335
44.0,8.8507309922531,9.419272004118938
44.5,8.805199152632252,9.464796137615721
45.0,8.761057095080767,9.508939641204455
45.5,8.718781984255145,9.551214756056995
46.0,8.678803698968373,9.591193056236449
46.5,8.6415272625242,9.628469491184685
47.0,8.607379929831154,9.662616841233866
47.5,8.576781274887749,9.693215483455932
48.0,8.550149990738456,9.719846779243607
48.5,8.527896059923256,9.74210066560508
49.0,8.510450892380264,9.759545874257066
49.5,8.498224594365835,9.771772176049572
50.0,8.491632633080446,9.778364125116218
50.5,8.491105537213967,9.77889122863654
51.0,8.497050514432964,9.772946242834086
51.5,8.509901258365788,9.760095512551485
52.0,8.530062644431206,9.739934126928413
52.5,8.55796251442267,9.712034363623095
53.0,8.594010176137578,9.675988378356758
53.5,8.638648818791987,9.631386229195904
54.0,8.689527560822317,9.580478210051062
54.5,8.735812461238481,9.53419196636866
55.0,8.776959063954038,9.493033363667948
55.5,8.81368421276813,9.456308843508625
56.0,8.846701350094213,9.423293016832883
56.5,8.876751077267748,9.393248678784952
57.0,8.904521701832726,9.36547130966024
57.5,8.930765497174283,9.339234600116052
58.0,8.956163469014275,9.313844130133216
58.5,8.981380450590352,9.288619527756778
59.0,9.007086745711767,9.262916170976514
59.5,9.0339201351743,9.236070568414828
60.0,9.062490086604882,9.2075110088396
60.5,9.0933565537593,9.176646717278764
61.0,9.127023615588367,9.142975661725782
61.5,9.163924257775674,9.106077819659967
62.0,9.203873566623843,9.066129104613232
62.5,9.246437561331724,9.023567263099585
63.0,9.291122294715443,8.978872896952128
63.5,9.33744650879914,8.932557095265397
64.0,9.384802722309553,8.885189621553103
64.5,9.432694814902142,8.837306110243865
65.0,9.480502934991666,8.789495198770513
65.5,9.527612421609795,8.742398337549508
66.0,9.573390419045124,8.696606083248582
66.5,9.617227302328219,8.652774990131695
67.0,9.65847362497083,8.611520837236847
67.5,9.696459329814335,8.573536420675874
68.0,9.730563207606847,8.539435685851466
68.5,9.760085318357016,8.509903399882658
69.0,9.78447602274852,8.48552372821154
69.5,9.803015489710678,8.466985861042662
70.0,9.815145275535237,8.4548522031171
70.5,9.82029368647274,8.449699260861104
71.0,9.817886403111006,8.452120040645182
71.5,9.807400005360067,8.462597031723103
72.0,9.78835664355087,8.48165307623042
72.5,9.760314674969152,8.509692228069229
73.0,9.722887412599372,8.547115351739357
73.5,9.675746184681993,8.594257261287067
74.0,9.618583515284588,8.651409475206561
74.5,9.551113442737462,8.718720706865675
75.0,9.482522418508756,8.787583899963403
75.5,9.422370256537269,8.847629815292631
76.0,9.370633390394081,8.89936283554057
76.5,9.327196454397725,8.942798156569348
77.0,9.291964726380424,8.97803127027482
77.5,9.264834411058029,9.005160472767779
78.0,9.245616561891044,9.024364455891314
78.5,9.229600117054142,9.040396367463526
79.0,9.213414986777503,9.056581171404137
79.5,9.197044556549413,9.072951349146289
80.0,9.180421957089385,9.089575043632477
80.5,9.16350295310711,9.106499996534641
81.0,9.14626751162036,9.12372966640415
81.5,9.128704400560835,9.141293576893911
82.0,9.110872446930985,9.159130455397266
82.5,9.092821421719902,9.177179494662719
83.0,9.074661648681873,9.195336203347397
83.5,9.056468159096902,9.21352870803664
84.0,9.038324486855837,9.231673082614064
84.5,9.020337308858068,9.249666370554168
85.0,9.0025667421612,9.267428293887788
85.5,8.985127036111434,9.284876843027577
86.0,8.968100898653077,9.301899879574142
86.5,8.951566062778967,9.318438381369786
87.0,8.935627138697875,9.334371107214688
87.5,8.920368010523916,9.349634297810551
88.0,8.905877185818495,9.364123402809655
88.5,8.892256804692357,9.377749190513281
89.0,8.879579088796794,9.390422748873107
89.5,8.867948612207694,9.402051022191518
90.0,8.85745831175589,9.41254300152984
90.5,8.848190831255181,9.421809635520797
91.0,8.840242365880396,9.429755960937769
91.5,8.833699657897471,9.436299708782293
92.0,8.828651411883133,9.441346793322719
92.5,8.82519211197053,9.444811018768782
93.0,8.823410293662247,9.446589298573741
93.5,8.823389715004543,9.446611321468616
94.0,8.825223778354282,9.444774865875603
94.5,8.828997125326485,9.441003972244994
95.0,8.834792539462134,9.435211533174124
95.5,8.842697961972087,9.42730190998486
96.0,8.85280249524244,9.417199167650114
96.5,8.865183979564556,9.404815325703641
97.0,8.879926067019378,9.39007442789317
97.5,8.897115812592272,9.372882166275502
98.0,8.916826936094788,9.35317609877547
98.5,8.939136960971831,9.33086268968957
99.0,8.964128716191379,9.305874268138291
99.5,8.991872814834542,9.278127745118566
100.0,9.022444818568582,9.247556411147738
100.5,9.055983767969167,9.214008978812254
101.0,9.092222244613664,9.177776226670671
101.5,9.129513566507045,9.14048664024392
102.0,9.167048589154644,9.102951048082554
102.5,9.204702323609816,9.065298915110551
103.0,9.242247656015111,9.027751914877653
103.5,9.27943482162706,8.990566083400822
104.0,9.31601564731285,8.953982703823453
104.5,9.351738958459096,8.918260812370267
105.0,9.386337843425496,8.88366332472489
105.5,9.419552428600472,8.850448369488213
106.0,9.45110870515252,8.818893800301852
106.5,9.480734603565216,8.789266059098152
107.0,9.508154381439924,8.76184589330361
107.5,9.533092876918536,8.736906788204749
108.0,9.555270499866094,8.714729297911871
108.5,9.574412197704675,8.695586633523352
109.0,9.59023761061523,8.67976341940548
109.5,9.602480192125809,8.667519215294028
110.0,9.61086150341668,8.659138164347238
110.5,9.61511454268032,8.654886205963754
111.0,9.614981067871273,8.65501569429835
111.5,9.610202439291491,8.659801541352955
112.0,9.60052600933071,8.669476009163162
112.5,9.585707774679681,8.684289928862956
113.0,9.565519768005892,8.704482962064253
113.5,9.539732613508423,8.730271106955026
114.0,9.508108356878136,8.761889115910174
114.5,9.470354854881451,8.799588417121637
115.0,9.429196657610921,8.8407318304849
115.5,9.390319109327416,8.879689190821821
116.0,9.355257750631301,8.914743179868912
116.5,9.323410299655018,8.946592588889812
117.0,9.294647739881675,8.975353912361248
117.5,9.268771450884742,9.0012312000703
118.0,9.245596751021045,9.024406567261996
118.5,9.224937516019018,9.045064743760094
119.0,9.20660755391998,9.063394551091534
119.5,9.190424399911642,9.079577613609617
120.0,9.176201848225348,9.093801757355042
120.5,9.163759708738768,9.10624258554851
121.0,9.152907695092988,9.117094670881329
121.5,9.143456475476995,9.126546328853896
122.0,9.135231810998283,9.134771105130481
122.5,9.128059213123828,9.141944752933584
123.0,9.121874420858003,9.148128545988312
123.5,9.116619910460813,9.153382431840637
124.0,9.112249387652593,9.157754347229426
124.5,9.108720550300472,9.16128245493668
125.0,9.105976696841811,9.164025411068783
125.5,9.103975619008107,9.166026529272381
126.0,9.102667394570329,9.16733562269383
126.5,9.101997966479962,9.168004860712415
127.0,9.101925383084698,9.168078026656735
127.5,9.10239680460405,9.167606493776006
128.0,9.103370218716883,9.166632645610944
128.5,9.104786589341781,9.165216346616372
129.0,9.106611244372651,9.163391683125303
129.5,9.108780516620534,9.161222411884037
130.0,9.1112600463452,9.158742882572515
130.5,9.113990548049612,9.156012374218795
131.0,9.116927173708229,9.153075784079462
131.5,9.120025901340117,9.14997680102397
132.0,9.123233859390945,9.146768475734547
132.5,9.12649944039399,9.143503603031448
133.0,9.129777462903622,9.140225351917532
133.5,9.133021882680195,9.136981281153009
134.0,9.13617960463766,9.133819947321614
134.5,9.139207955422538,9.130795310848256
135.0,9.142053209319748,9.127950297578971
135.5,9.144666861160747,9.125337508157081
136.0,9.147002359786764,9.122997417435673
136.5,9.149010627888373,9.120992206871607
137.0,9.150645107607978,9.11935590387265
137.5,9.1518560351915,9.118142272057664
138.0,9.152593529169847,9.11740812557297
138.5,9.152809266333175,9.117195574788877
139.0,9.152453510503747,9.117550996851188
139.5,9.151483540729988,9.118517781307983
140.0,9.149843450089616,9.120159927511443
140.5,9.147491698123504,9.12250963210497
141.0,9.14437306185389,9.12562797248981
141.5,9.14044301091427,9.129555835539673
142.0,9.135655196139071,9.134347707287649
142.5,9.129941109682639,9.140058714317819
143.0,9.123154617985792,9.146847621910508
143.5,9.115122582008752,9.154880138108924
144.0,9.105661734683503,9.164340231681761
144.5,9.094597106089754,9.175400396269689
145.0,9.081752598346647,9.188250940607166
145.5,9.066945458786154,9.203056101597697
146.0,9.049998352887068,9.220002811351904
146.5,9.030736727042427,9.239265168938942
147.0,9.008965954993139,9.26103325259962
147.5,8.985166860300142,9.284803611067955
148.0,8.963927020492848,9.306075461208282
148.5,8.946494829312106,9.323506460661115
149.0,8.932623478856016,9.33737766750133
149.5,8.92212088064106,9.347880417918514
150.0,8.914792071649181,9.355206922515444
150.5,8.910444674273085,9.359557955915996
151.0,8.908866990048075,9.361134521236925
151.5,8.909858226611734,9.360140840146435
152.0,8.913206336761764,9.356795549584984
152.5,8.918698394873791,9.351302657471809
153.0,8.92611394382037,9.343888464920013
153.5,8.93523563485213,9.334764128733378
154.0,8.945842307256202,9.324155481866216
154.5,8.957709778696007,9.312288395126775
155.0,8.970613764870896,9.299386145789999
155.5,8.984332308953586,9.285667638294496
156.0,8.998627480676644,9.271371968149406
156.5,9.01328159701755,9.25671874347778
157.0,9.028065802577279,9.241936049382605
157.5,9.042751393634157,9.227250555366439
158.0,9.057116095849318,9.212883468438717
158.5,9.070926055190453,9.199076151116833
159.0,9.083964119455928,9.186035647078759
159.5,9.096007609427357,9.173993628003627
160.0,9.1068337207229,9.163165715107347
160.5,9.116227034531988,9.153774278753396
161.0,9.123971652436323,9.14602928671827
161.5,9.129850523903789,9.140153108441906
162.0,9.13365973026219,9.13633974678783
162.5,9.135193774618799,9.134806266335604
163.0,9.13437511037348,9.13562649505027
163.5,9.13135292639064,9.138647044062656
164.0,9.12629927539588,9.143700744585127
164.5,9.119386753977896,9.150613248192698
165.0,9.110800959332293,9.159199874570193
165.5,9.100711910462685,9.1692867623204
166.0,9.089307454878872,9.180691288944663
166.5,9.076766186261253,9.193234768012818
167.0,9.063279741960901,9.206719017045787
167.5,9.049021838704197,9.220978175642427
168.0,9.034183028960465,9.235815446151388
168.5,9.01895281175817,9.251046160687817
169.0,9.003512321588952,9.266488998350587
169.5,8.988044582628694,9.281954186288562
170.0,8.972743247304278,9.297255944821128
170.5,8.957786159312425,9.312216035643637
171.0,8.943356954302773,9.326645359329056
171.5,8.929641501171826,9.340359630747026
172.0,8.916818143065559,9.35318244068786
172.5,8.90506234986641,9.364939364974507
173.0,8.894555043467792,9.375447180373397
173.5,8.885469549859323,9.384531070162424
174.0,8.877975704283221,9.392023928418094
174.5,8.87223950449226,9.397760394112147
175.0,8.868432959742256,9.401568073513904
175.5,8.866707931030254,9.403293139429318
176.0,8.867230168559761,9.402771145125275
176.5,8.870150423071413,9.399851249674883
177.0,8.87561669205705,9.39438432058096
177.5,8.883771436370495,9.38622871896049
178.0,8.894759375554683,9.375242242565681
178.5,8.908710216357191,9.361289115767836
179.0,8.925753553160424,9.344246416382495
179.5,8.946012383951661,9.323989715278953
180.0,8.96960733180311,9.300392601308996
180.5,8.996647324181728,9.273352128940559
181.0,9.02723978438059,9.242756284611964
181.5,9.061513520823762,9.208460694095992
182.0,9.09758116362474,9.172430069043847
182.5,9.131030146139258,9.138972108612379
183.0,9.16171762253221,9.108283441118818
183.5,9.189741570411845,9.080259930507907
184.0,9.21518932608771,9.054812072447803
184.5,9.238147494697245,9.031853927564198
185.0,9.258701099283375,9.01130031775846
185.5,9.27693628390146,8.993065134247429
186.0,9.29294708649517,8.977054331602423
186.5,9.306809397968227,8.963192020109487
187.0,9.318618203947164,8.951383214136175
187.5,9.328456028692063,8.941545389333248
188.0,9.336410515755325,8.933590902307987
188.5,9.342567878504749,8.927433539547152
189.0,9.347016034555065,8.922985383654847
189.5,9.349839271930936,8.920162146133588
190.0,9.351127027344145,8.91887439063297
190.5,9.3509644540092,8.919036964128868
191.0,9.349440507575379,8.920560910415977
191.5,9.346632325507603,8.923369091648604
192.0,9.342640916545209,8.927360501404374
192.5,9.337542114842195,8.932459303846715
193.0,9.331429083012766,8.938572332261991
193.5,9.324384349787708,8.945617081991305
194.0,9.316498843529107,8.95350250510719
194.5,9.30785012864112,8.962151518992775
195.0,9.29853310454337,8.97146927284548
195.5,9.288636579824727,8.981365678957024
196.0,9.278240963675126,8.991761326353695
196.5,9.267434958288453,9.002567311637577
197.0,9.256305778918446,9.01369653908936
197.5,9.244937680091713,9.025064469969603
198.0,9.233417959144184,9.036585200572418
198.5,9.22183695956959,9.048164684502117
199.0,9.21028175634176,9.059719650444425
199.5,9.19882935895655,9.071171985828489
200.0,9.187577459986336,9.082425712974988
200.5,9.176606150155456,9.093393657593532
201.0,9.166006441114693,9.103995093304032
201.5,9.155863288509428,9.11413652662642
202.0,9.14625902187959,9.123742493409125
202.5,9.13728769364402,9.132712113034406
203.0,9.12902546448823,9.14097607080705
203.5,9.121482382559446,9.148517321079273
204.0,9.114635469079255,9.155364370024985
204.5,9.108468657938742,9.161531142965456
205.0,9.102947883515613,9.167051908989716
205.5,9.09805533446557,9.171944453841327
206.0,9.093763935916785,9.176237438489723
206.5,9.09005067526313,9.179950860170536
207.0,9.086891530654018,9.183110170932949
207.5,9.084264857216944,9.185735205226587
208.0,9.08214568625581,9.187855138773116
208.5,9.0805120408149,9.18948960064989
209.0,9.079334216215916,9.190667502102805
209.5,9.078591614463173,9.19140909052223
210.0,9.078263104849993,9.19173701978804
210.5,9.078320002974017,9.191681684475324
211.0,9.07874143952433,9.191260096310893
211.5,9.079501901915567,9.190499556548477
212.0,9.080580837443765,9.189419007616358
212.5,9.0819499499957,9.188049779351749
213.0,9.083587224492286,9.186414299141811
213.5,9.085470010135392,9.184529694760528
214.0,9.08757318361258,9.182426049750989
214.5,9.089872952695849,9.180126441133615
215.0,9.092346985869337,9.17765243760277
215.5,9.094969217221967,9.17502992796597
216.0,9.09771750526416,9.172283163934825
216.5,9.100565096288106,9.169435054299845
217.0,9.103491210220676,9.166508735453228
217.5,9.106472688295927,9.163528648368565
218.0,9.109481920873245,9.160519109618303
218.5,9.112497944983495,9.157503171944338
219.0,9.115495659315219,9.154505433528584
219.5,9.118450765173947,9.151550342250038
220.0,9.121340939406451,9.148660140076686
220.5,9.124142543324627,9.145858527948919
221.0,9.126830513812243,9.143170816708059
221.5,9.129380547269818,9.140618965768523
222.0,9.13176860144561,9.138232086423573
222.5,9.13397339187995,9.136026767152757
223.0,9.135968833561051,9.134030296115471
223.5,9.137749190376612,9.132250261858422
224.0,9.139323017686712,9.130676339695851
224.5,9.140696743344048,9.129302626326597
225.0,9.141884172372174,9.128115196197893
225.5,9.14288948591438,9.127109939296693
226.0,9.14372404427742,9.126275057078065
226.5,9.14439679193669,9.125603600818504
227.0,9.144917529512533,9.125083100986673
227.5,9.14529477013815,9.124704683423422
228.0,9.145535545087208,9.124465680761336
228.5,9.14565307764105,9.124348190389782
229.0,9.14565322684703,9.124347899436291
229.5,9.14554419420287,9.124457208108154
230.0,9.145336865853354,9.1246638662106
230.5,9.145041285991592,9.124958012562391
231.0,9.144665746565988,9.125333693672813
231.5,9.144218974388705,9.125782065052812
232.0,9.143709541811013,9.126291066449882
232.5,9.143146547045493,9.126854216116612
233.0,9.142539640037947,9.127461375750844
233.5,9.141897855530129,9.128102355742392
234.0,9.141229945757358,9.12877040447971
234.5,9.14054568976722,9.12945466248615
235.0,9.13985427843583,9.130146060272791
235.5,9.139161800203539,9.130838545075871
236.0,9.138480668095728,9.131519670974336
236.5,9.137820110998987,9.132180239964462
237.0,9.13718750385715,9.132812819164677
237.5,9.136592567329826,9.133407662207464
238.0,9.136042011322383,9.133958222014178
238.5,9.135548521403152,9.134451714547072
239.0,9.13511940587288,9.134880828204254
239.5,9.134765867476577,9.135234367234169
240.0,9.134494305296961,9.135505929213265
240.5,9.134312572745419,9.135687662036139
241.0,9.134234710988528,9.135765523706374
241.5,9.134265842497145,9.135734392505135
242.0,9.134415241643044,9.135584992692149
242.5,9.134692959066724,9.135307277176704
243.0,9.135108318540336,9.13489191163344
243.5,9.13566281959215,9.134337425813413
244.0,9.136345957155477,9.133654259376643
244.5,9.137147308026695,9.13285290384815
245.0,9.138051772005323,9.131949107836935
245.5,9.13904804755899,9.130953072085902
246.0,9.140123448746728,9.129877545403838
246.5,9.141265688902685,9.1287354275692
247.0,9.142462819085225,9.127538032470904
247.5,9.14370184730971,9.126298415113977
248.0,9.14497133809867,9.125029684604895
248.5,9.146257437532086,9.123742956423895
249.0,9.14754906694615,9.122451129176067
249.5,9.14883301369505,9.121167128386041
250.0,9.15009684322141,9.119903890559929
250.5,9.151328413088692,9.11867232827916
251.0,9.152515523130306,9.117484904562323
251.5,9.153646378206263,9.116355122452648
252.0,9.154707291117338,9.115293377727818
252.5,9.155685375021966,9.114315283969571
253.0,9.156570734720082,9.113429915120767
253.5,9.157348566829773,9.112652428293389
254.0,9.158006906713936,9.11199418999401
254.5,9.158535164804666,9.111465896620254
255.0,9.158918337608545,9.111082735913243
255.5,9.159144675300846,9.110856394354288
256.0,9.15920436225022,9.110796708375744
256.5,9.159082994730458,9.110918075737603
257.0,9.158766347942702,9.111234722548751
257.5,9.158244269728257,9.11175680078326
258.0,9.157504540627857,9.112496529886098
258.5,9.156533569874092,9.113467500636377
259.0,9.155320992766192,9.114680077751752
259.5,9.153851825944608,9.116149244549874
260.0,9.15211451201637,9.117886558497766
260.5,9.150097866683803,9.119903203839218
261.0,9.14778770914181,9.122213361594206
261.5,9.145173413913911,9.124827656602609
262.0,9.142241242040244,9.127759828867617
262.5,9.138978867181617,9.131022203361232
263.0,9.135374595875254,9.134626474649458
263.5,9.131401633942993,9.138599436584398
264.0,9.12696038741812,9.143040683093762
264.5,9.121925026337092,9.148076044203744
265.0,9.116170249635548,9.153830821230589
265.5,9.109572270735352,9.160428800079789
266.0,9.102004327663595,9.167996741991674
266.5,9.093342225017464,9.176658846397531
267.0,9.083460787355452,9.18654029208766
267.5,9.07223319991973,9.197767732507089
268.0,9.059540521273256,9.210461302926902
268.5,9.045235713725727,9.224762369230683
269.0,9.029268635837541,9.240742095296381
269.5,9.011408745909495,9.258582545978028
270.0,8.994735861538755,9.27526561275979
270.5,8.98075513955261,9.289245032198597
271.0,8.969370124706447,9.300629328415619
271.5,8.960446962696752,9.309553851384445
272.0,8.953854243416409,9.316145041855941
272.5,8.949461104296189,9.320539327678791
273.0,8.947128266128587,9.322871683230142
273.5,8.946732114822273,9.323269034414317
274.0,8.948126148630724,9.321874867499162
274.5,8.951183927041912,9.318816722867926
275.0,8.955758788609389,9.31424186606884
275.5,8.96173012840808,9.308269586554264
276.0,8.968947968077389,9.301052018654225
276.5,8.977281842702528,9.292719136140324
277.0,8.986590694864933,9.283408630894847
277.5,8.99674263433597,9.273257849311594
278.0,9.007593280215039,9.262406378447707
278.5,9.01901569686066,9.250984922452872
279.0,9.030868170419742,9.239130051080046
279.5,9.043016026229871,9.226985261861497
280.0,9.055326479593395,9.214673063103257
280.5,9.067664137668459,9.202336775709957
281.0,9.079895394324756,9.190104474820137
281.5,9.091893657911557,9.178106986645163
282.0,9.103519619770505,9.166481432361659
282.5,9.114649346891266,9.155350599745026
283.0,9.125151483846025,9.144848503230106
283.5,9.134904694728789,9.13509581534239
284.0,9.143801632127332,9.126198655007551
284.5,9.151858371501486,9.118142661104716
285.0,9.159100783699769,9.11090018465496
285.5,9.165567908032115,9.104431603487823
286.0,9.171291591170773,9.098709047075705
286.5,9.176310028544863,9.093691244692568
287.0,9.180648890092538,9.08935230472408
287.5,9.184345360005198,9.085655175870077
288.0,9.18743346908344,9.082567775547133
288.5,9.189939485819384,9.080061183491141
289.0,9.191901086583494,9.078097338521234
289.5,9.193349367554578,9.076651112321564
290.0,9.194313464116519,9.075685733327795
290.5,9.194821653594882,9.07517940093197
291.0,9.194914278879613,9.075084505210553
291.5,9.194602352306505,9.07539921092536
292.0,9.193935883201515,9.07606496232343
292.5,9.192929677369822,9.07706964884137
293.0,9.191617817130142,9.078382802280789
293.5,9.190022401497254,9.07997763671315
294.0,9.188175392537833,9.081825777783724
294.5,9.186099058662675,9.083899781937566
295.0,9.183823656564526,9.086177199908656
295.5,9.181368603857793,9.088631351442297
296.0,9.178761250313404,9.091238777407778
296.5,9.176024986912855,9.093975010535388
297.0,9.173182989566635,9.096816255891966
297.5,9.17025723353425,9.099743657038617
298.0,9.167266185953515,9.102734420533057
298.5,9.164230955216805,9.105770097271922
299.0,9.161175152548266,9.108826182535582
299.5,9.158114905881392,9.11188751907327
300.0,9.155068048570376,9.114934091319112
300.5,9.152052078390046,9.117949336146637
301.0,9.149083574035776,9.120918403393008
301.5,9.146180527817252,9.123819410838353
302.0,9.143351188357336,9.126649234695808
302.5,9.140615803709217,9.12938393893322
303.0,9.137989110420023,9.132011097834674
303.5,9.135472508610375,9.134526445457555
304.0,9.133090249848049,9.136909181018446
304.5,9.130847272704733,9.139152875435206
305.0,9.128753148479056,9.141245524471788
305.5,9.126823375966746,9.143178576535389
306.0,9.125061035302906,9.144937919119482
306.5,9.123473590519323,9.14652599150444
307.0,9.122071791860883,9.147928379296644
307.5,9.1208594285539,9.149140244226087
308.0,9.119830925151751,9.150170288788948
308.5,9.118996750362356,9.151002590293746
309.0,9.11835381713491,9.15164595281869
309.5,9.117898220830957,9.152101607386589
310.0,9.11763616121107,9.152364117832404
310.5,9.117554560162688,9.152445577774708
311.0,9.117653539629849,9.152348274484371
311.5,9.11791439231248,9.152083476148452
312.0,9.118370947744932,9.151636713588381
312.5,9.118940576239916,9.151057125733947
313.0,9.119679485735613,9.150320105657528
313.5,9.120543258025664,9.14945597071042
314.0,9.121529258914842,9.148472469639714
314.5,9.122610285660523,9.147389338303585
315.0,9.123788555193375,9.14621332542503
315.5,9.125035317746406,9.144966425564153
316.0,9.126331437278797,9.143668217045313
316.5,9.127657262051981,9.142345032380195
317.0,9.1289974012483,9.141003939271448
317.5,9.130322820453134,9.139678251355173
318.0,9.131610152624942,9.138388450321656
318.5,9.13283657183796,9.137154911440991
319.0,9.133974148557202,9.136034002956222
319.5,9.134996458786219,9.135002350893236
320.0,9.135873854757074,9.134129010645136
320.5,9.136579183408573,9.133422530976615
321.0,9.137073933717959,9.132924144902328
321.5,9.137331051853991,9.13267085588642
322.0,9.137317687660282,9.132683825368261
322.5,9.136998378185046,9.133004233190166
323.0,9.136333899762379,9.133667040237965
323.5,9.1352951156235,9.134707032835626
324.0,9.133840714164261,9.136157595899208
324.5,9.131962671916588,9.138037861773292
325.0,9.129672194591587,9.140327700945878
325.5,9.126976335593572,9.143026178104988
326.0,9.123894478820704,9.146104335555046
326.5,9.120435987976,9.14956503985882
327.0,9.11663227495714,9.153366949050842
327.5,9.112497860746586,9.157503225452253
328.0,9.10806522304094,9.161935078549591
328.5,9.103366261183812,9.166633569922551
329.0,9.098436473972045,9.171561363192014
329.5,9.093307346103456,9.176692620080559
330.0,9.088026811646591,9.181975018959053
330.5,9.082637132500102,9.187363336492567
331.0,9.077185561105429,9.192815027908772
331.5,9.071720489252986,9.198281245358668
332.0,9.066298712542483,9.203702606276975
332.5,9.060974583464773,9.209025494751902
333.0,9.055811700999477,9.214188663257303
333.5,9.050868970314456,9.219130530966808
334.0,9.046217103858972,9.223785584905194
334.5,9.041925281965602,9.228075722754253
335.0,9.038060793435715,9.231936739478627
335.5,9.034710589742925,9.235289644093408
336.0,9.031934091378035,9.238066041980188
336.5,9.029830352786115,9.240170590431664
337.0,9.028477473515105,9.241522977557745
337.5,9.027961190972668,9.242040199072528
338.0,9.028370920275503,9.241629158981642
338.5,9.029810319069778,9.240191334376584
339.0,9.03236073120501,9.237638466138895
339.5,9.03612770974302,9.23387460888533
340.0,9.041213061746001,9.228786816387283
340.5,9.047720845193565,9.22227951234235
341.0,9.055760596568573,9.214240024150621
341.5,9.065435778899518,9.204565623069996
342.0,9.07686084769691,9.193142112674005
342.5,9.090158642535396,9.179839650775442
343.0,9.10543523823741,9.164567252353196
343.5,9.122816006403223,9.14718407026541
344.0,9.142424267516002,9.127576973919272
344.5,9.164563121646161,9.105437047413837
345.0,9.189759478717582,9.080240749307293
345.5,9.218562168178423,9.05143999446185
346.0,9.25148363203575,9.0185158778034
346.5,9.289031357091785,8.980968104224571
347.0,9.33168951025049,8.9383094510602
347.5,9.379940965352354,8.890059856530625
348.0,9.434220822218244,8.83577933141889
348.5,9.494969323157433,8.77502624225087
349.0,9.562608700774483,8.707390317700195
349.5,9.637518005553202,8.632471807851589
350.0,9.719162076380742,8.550860508800174
350.5,9.791950269964062,8.478050807641566
351.0,9.850742906251213,8.419257117205362
351.5,9.896036985905361,8.373961218962746
352.0,9.92844020864898,8.341561624124614
352.5,9.948621741224192,8.321377989764505
353.0,9.957330395708127,8.312669498636454
353.5,9.955374065810705,8.314625142674776
354.0,9.94361115802068,8.326390674988387
354.5,9.922950039630773,8.34705012759021
355.0,9.89433547404806,8.375665938884667
355.5,9.85874244689047,8.411258066969468
356.0,9.817165966113633,8.452834610026537
356.5,9.770619745127346,8.499380182458234
357.0,9.720117226125863,8.54988340222774
357.5,9.666677714484099,8.603322977752837
358.0,9.611316438233661,8.658683712838755
358.5,9.555029567795579,8.714971198331764
359.0,9.498802810700179,8.771198270031125
359.5,9.443597732707625,8.826401682659064
360.0,9.390351360976585,8.879649742442275
360.5,9.339972291146765,8.930026700842248
361.0,9.293330117440705,8.9766716252615
361.5,9.251263168179014,9.018735734432738
362.0,9.214567645367497,9.055432563451474
362.5,9.184000742225997,9.086000086843864
363.0,9.160260256331416,9.109741308502246
363.5,9.144005612629831,9.125994376575642
364.0,9.135848639233966,9.134154845883584
364.5,9.13627685645046,9.133722524371054
365.0,9.145136154025877,9.124867932699813
365.5,9.161832935640376,9.108166673684286
366.0,9.185726757383001,9.084272832541828
366.5,9.216163780203784,9.053838569838
367.0,9.252460156592157,9.017538890636605
367.5,9.293924756773915,8.976074968712636
368.0,9.339832530800086,8.930170195673062
368.5,9.389471658745128,8.880524795620836
369.0,9.442085477772407,8.827913939360863
369.5,9.496932280249428,8.773069300619927
370.0,9.55325538517292,8.71675030262286
370.5,9.6103005464604,8.659703610490407
371.0,9.667309149010086,8.602695488800165
371.5,9.723528246777079,8.5464668741355
372.0,9.778212531468212,8.491788554938342
372.5,9.830642906440863,8.439357374900553
373.0,9.880089534380451,8.389905617682643
373.5,9.925871828500817,8.344125640585647
374.0,9.967324214553887,8.302675306079697
374.5,10.00378964927219,8.266209791144322
375.0,10.03469382217465,8.235301671301647
375.5,10.059460509279129,8.210538448774086
376.0,10.077575213870002,8.192426982136707
376.5,10.088561717213668,8.181446515410162
377.0,10.092018930636495,8.177974640931645
377.5,10.08759208323994,8.182410390413573
378.0,10.07496892109558,8.19502944136852
378.5,10.053935438495667,8.216066901874335
379.0,10.024304079709419,8.245696293974346
379.5,9.985974188451904,8.284018195471015
380.0,9.938941533492898,8.331065322289254
380.5,9.883193316491594,8.38680835891532
381.0,9.81885769794013,8.451147111013453
381.5,9.746090168584459,8.523908588683552
382.0,9.665112298789255,8.60488362528746
382.5,9.57623837068575,8.693756248132333
383.0,9.479800709340186,8.790200915192061
383.5,9.376204393228486,8.893796173103285
384.0,9.265903660693263,9.004099743328366
384.5,9.149363345288535,9.120604633717285
385.0,9.027002051766328,9.242729622241043
385.5,8.904030604513222,9.366083240561974
386.0,8.790251160717922,9.47974500979582
386.5,8.686097370518512,9.58390356179739
387.0,8.591434343344128,9.678569175155063
387.5,8.506108975444938,9.763894354482494
388.0,8.429977541189576,9.840025737717431
388.5,8.362886672608331,9.907116614551974
389.0,8.304699547526678,9.965303736261221
389.5,8.255254668634635,10.014748618895677
390.0,8.214419816494972,10.055583470897862
390.5,8.18203609304017,10.087967193770563
391.0,8.15795936508947,10.112043922353989
391.5,8.14204076362675,10.127962524603324
392.0,8.134140629432721,10.135862657659446
392.5,8.13410195474796,10.135901333607078
393.0,8.141775466364047,10.12822782042537
393.5,8.157018025398765,10.112985279594811
394.0,8.179683176932269,10.090320081045762
394.5,8.209627876014958,10.060374999079224
395.0,8.246675280482467,10.023330721372457
395.5,8.290767145086688,9.97922543018144
396.0,8.339245918204815,9.930764279375078
396.5,8.388197238542773,9.881801630987251
397.0,8.437484735816954,9.832517237663982
397.5,8.486914260582688,9.783082427287757
398.0,8.536346957747035,9.73365549146977
398.5,8.585619515455429,9.684382068241678
399.0,8.63458049772288,9.635417571263615
399.5,8.683073100569095,9.586923813331877
400.0,8.730925050144666,9.539075953282474
400.5,8.777962943502953,9.49203441320265
401.0,8.824044915306592,9.445961415152928
401.5,8.868957714533934,9.401043177258877
402.0,8.912568297755039,9.357432470359504
402.5,8.954682877317762,9.31532030944201
403.0,8.995126667651405,9.274868816737229
403.5,9.033749993141534,9.236250700534809
404.0,9.070336762759666,9.199666430597137
404.5,9.10473316580507,9.165264697705888
405.0,9.136763313208482,9.133237045592168
405.5,9.166279201083706,9.103724760318231
406.0,9.19328834596779,9.076704278411004
406.5,9.217851477383434,9.052146888051128
407.0,9.239988751728282,9.030016171110244
407.5,9.259772136265768,9.010230549829977
408.0,9.27723546161317,8.992764105195882
408.5,9.292462088548138,8.977543281532961
409.0,9.305509535186074,8.964495234460193
409.5,9.316424564270022,8.953568330184748
410.0,9.32529907553866,8.944698535085932
410.5,9.332220114405677,8.937788474470777
411.0,9.337244720235825,8.932759284046721
411.5,9.340476410328435,8.929521356387644
412.0,9.342004919054322,8.928000009843105
412.5,9.341885862576783,8.928110910623573
413.0,9.340274670111489,8.929726997621023
413.5,9.337229900917364,8.932775179049534
414.0,9.332856603931335,8.937143815651714
414.5,9.327277922460208,8.942724762383989
415.0,9.320570632548572,8.949428330203112
415.5,9.312882883147127,8.95711595116945
416.0,9.304302034504705,8.965698755943531
416.5,9.294945850384028,8.975058474016798
417.0,9.28492913566312,8.98507045804896
417.5,9.274382448775837,8.995626731778016
418.0,9.263409417071184,9.006590445064239
418.5,9.252148012324064,9.017849760494967
419.0,9.240711962692773,9.029286718413825
419.5,9.229234525531611,9.04076392317276
420.0,9.217833480788302,9.052166991859487
420.5,9.206625273583805,9.063373067533346
421.0,9.19575502854582,9.074242834133473
421.5,9.185343654578261,9.084657529658989
422.0,9.175517117391747,9.09448434753027
422.5,9.1663947838366,9.103605270241928
423.0,9.158111687870958,9.111885395752536
423.5,9.150803767932663,9.119199664509587
424.0,9.144582178200716,9.125416834728608
424.5,9.139582108982868,9.130415420790525
425.0,9.13592518885284,9.134076628815635
425.5,9.133717541689323,9.136280782919624
426.0,9.132875303388237,9.137129900113614
426.5,9.133207890476598,9.13679188228858
427.0,9.134487097198388,9.135512173680471
427.5,9.136492756509483,9.133509137738976
428.0,9.139025205618223,9.130976767073273
428.5,9.141838723390993,9.128158223093346
429.0,9.144739499776612,9.125265086435494
429.5,9.147452441588856,9.122553966220035
430.0,9.149789303916545,9.120209156173916
430.5,9.151487617004207,9.11850883549868
431.0,9.152338270962952,9.117661454745145
431.5,9.152102215295908,9.117899883073969
432.0,9.150541127242661,9.11945801367544
432.5,9.147421578092583,9.122575332479366
433.0,9.142503236781483,9.127497932256542
433.5,9.135568284627853,9.13442986105189
434.0,9.126378066475846,9.143621120631398
434.5,9.11466697674684,9.15532702451478
435.0,9.100311608813488,9.169693801906162
435.5,9.08324889904816,9.186756725861857
436.0,9.06782252658254,9.202173069206617
436.5,9.055622127996735,9.214377158251812
437.0,9.046346157881217,9.22365291877462
437.5,9.039797235920345,9.230201983203733
438.0,9.035761133987764,9.234238031971909
438.5,9.034045888125188,9.235953290602602
439.0,9.034438603866828,9.235560574990666
439.5,9.036722390994266,9.233276788968464
440.0,9.0407069624021,9.229292217330126
440.5,9.046163257828216,9.223835921960683
441.0,9.052906783671512,9.21709239611849
441.5,9.060709494564083,9.209289683342996
442.0,9.069374787272267,9.200624391939803
442.5,9.078697443062858,9.191301736704848
443.0,9.088459066396025,9.181540113224099
443.5,9.098463945300974,9.171535234449106
444.0,9.108498839001166,9.161500340913934
444.5,9.118355809149103,9.151643370668308
445.0,9.127828218815814,9.142170961112573
445.5,9.136708475291256,9.133290703832909
446.0,9.144853732023831,9.125145445959639
446.5,9.152264367794967,9.11773481184726
447.0,9.158976879929154,9.111022299992628
447.5,9.1650045975257,9.104994582160954
448.0,9.170374693658783,9.09962448646425
448.5,9.1751178039084,9.094881374997772
449.0,9.1792578437245,9.090741335728003
449.5,9.18280653321507,9.087192645379526
450.0,9.18579542041145,9.084203759602184
450.5,9.188257843971286,9.08174133545612
451.0,9.190207473446899,9.07979170833854
451.5,9.191670727229534,9.078328446851415
452.0,9.192672396278033,9.077326779295865
452.5,9.193244086723762,9.076755136065
453.0,9.193397099790928,9.076603700311251
453.5,9.193172569691274,9.076828137123265
454.0,9.192576109773134,9.077424615103125
454.5,9.191651364091152,9.078349352045999
455.0,9.190404949190128,9.079595769402747
455.5,9.188874762763607,9.081125954959697
456.0,9.187071966480886,9.082928748793906
456.5,9.185028789207676,9.084971928144299
457.0,9.182778477740188,9.087222239884367
457.5,9.180329626914233,9.089671090634745
458.0,9.177723678539234,9.09227703846352
458.5,9.174969022914537,9.09503169412001
459.0,9.17209250910303,9.0979082087162
459.5,9.169128757673363,9.100871960275423
460.0,9.166094664059383,9.10390605335045
460.5,9.163018761515707,9.106981955994181
461.0,9.159915770892253,9.110084946912599
461.5,9.156826079435112,9.11317463837259
462.0,9.153756526584681,9.116244191261973
462.5,9.150751639014244,9.119249078033743
463.0,9.147814630648778,9.12218608541154
463.5,9.144980804231059,9.125019913606666
464.0,9.142277330066847,9.127723387758136
464.5,9.13972598350705,9.130274734336238
465.0,9.13734842565444,9.13265229200229
465.5,9.135172084697166,9.134828633026887
466.0,9.133216814064264,9.136783903659223
466.5,9.131477255982137,9.138523461809937
467.0,9.129952708091643,9.14004800814082
467.5,9.128627883488015,9.141372834271642
468.0,9.127490099235544,9.142510618203909
468.5,9.1265312084742,9.143469505981354
469.0,9.125741346391123,9.144259369745376
469.5,9.12512486007559,9.144875857215265
470.0,9.124649497944572,9.145351219734769
470.5,9.124330393473963,9.1456703239219
471.0,9.124136785894065,9.145863931511961
471.5,9.124069425419789,9.14593129226426
472.0,9.124114414875597,9.145886302522333
472.5,9.12427379328415,9.145726923187894
473.0,9.124526694886972,9.145474022085999
473.5,9.124868542050972,9.145132174827022
474.0,9.125288136485159,9.144712579549031
474.5,9.12577476875709,9.144225947890925
475.0,9.126327694091263,9.143673023595241
475.5,9.126925247862609,9.143075469705273
476.0,9.127570153121134,9.142430564864737
476.5,9.12823961302857,9.141761104480592
477.0,9.128934423584807,9.141066294195156
477.5,9.12964503231562,9.140355685411736
478.0,9.130357990800283,9.13964272702382
478.5,9.13106573804286,9.138934979784466
479.0,9.131758348005947,9.138242369781345
479.5,9.132425197114513,9.137575520766262
480.0,9.133060100258046,9.136940617535064
480.5,9.133652403298365,9.136348313810146
481.0,9.134188525018184,9.135812192802033
481.5,9.134673075588365,9.135327641397579
482.0,9.135080876711246,9.134919840437286
482.5,9.135407563691354,9.1345931541774
483.0,9.13564971528538,9.134351002307177
483.5,9.135792320252692,9.134208397630383
484.0,9.135825798125165,9.134174919535486
484.5,9.13574347617183,9.134257241410843
485.0,9.135527376929529,9.134473340614981
485.5,9.13518497886801,9.134815734876709
486.0,9.13469844111306,9.135302282257634
486.5,9.134065023206157,9.135935679844604
487.0,9.133302487931498,9.136698258906769
487.5,9.132421580876434,9.137579105399778
488.0,9.131443963611519,9.13855602721509
488.5,9.130376867875453,9.139623031835864
489.0,9.129231098744759,9.140768871454181
489.5,9.128019855056788,9.14198008703462
490.0,9.126756146886848,9.143243803009764
490.5,9.125453848122959,9.14454610083185
491.0,9.124127973998938,9.145871974651456
491.5,9.122787606533738,9.147212342366199
492.0,9.121445726880445,9.148554221946497
492.5,9.120118795567713,9.149881153235599
493.0,9.118819950919168,9.151179997713632
493.5,9.117555190811675,9.152444757807487
494.0,9.116338607166805,9.153661341598356
494.5,9.115188645483656,9.15481130320998
495.0,9.114118940280523,9.155881008396987
495.5,9.113136517957061,9.156863431032253
496.0,9.112252384602913,9.157747563919152
496.5,9.111486964059633,9.158512984536394
497.0,9.110851814466049,9.1591481344843
497.5,9.110354025620012,9.159645923032695
498.0,9.1100089721313,9.15999097664089
498.5,9.109832363380193,9.16016758549122
499.0,9.109835753207827,9.160164195653788
499.5,9.110031686408384,9.159968262405949
500.0,9.110432762833945,9.159567185956504
500.5,9.111048692045037,9.158951256823727
501.0,9.111902879026136,9.158097068435547
501.5,9.11299590012884,9.157004047725954
502.0,9.114340754165978,9.155659194736923
502.5,9.115961452811671,9.15403849564268
503.0,9.117864793714059,9.152135156120124
503.5,9.120060187413864,9.149939758287523
504.0,9.122564652679019,9.147435307123834
504.5,9.125389222670407,9.144610699644112
505.0,9.128545422143196,9.141454587004468
505.5,9.132050075626276,9.137950256001226
506.0,9.13591061687479,9.134089577760122
506.5,9.140129393921187,9.129870724734396
507.0,9.144661594731568,9.125338553587222
507.5,9.149469655824646,9.120530482870148
508.0,9.15451824596258,9.11548189521563
508.5,9.159750664719015,9.110249475981117
509.0,9.165134487516037,9.104865653463278
509.5,9.17062757666172,9.099372564457168
510.0,9.176186688296406,9.093813452570298
510.5,9.181770658060529,9.088229482684932
511.0,9.187333694624128,9.082666446136148
511.5,9.192830843682726,9.077169297387556
512.0,9.198232994084266,9.071767146332022
512.5,9.203486707738813,9.066513432847048
513.0,9.208551853352567,9.061448287741088
513.5,9.213391234984364,9.056608906134404
514.0,9.217958799706313,9.052041341474421
514.5,9.222213075137454,9.047787066140332
515.0,9.226112875188232,9.043887265829069
515.5,9.229618930685582,9.040381210814878
516.0,9.2326832193584,9.037316921489717
516.5,9.235264067347648,9.034736074191006
517.0,9.23732169956847,9.032678438693774
517.5,9.238817297942058,9.031182851170845
518.0,9.239708905251268,9.030291209315676
518.5,9.239950964498394,9.030049070344845
519.0,9.239500202594426,9.030499843908885
519.5,9.2383127160863,9.031687328576863
520.0,9.236354375381076,9.033645668954925
520.5,9.233582234048658,9.036417809412553
521.0,9.229944194541883,9.040055893692347
521.5,9.225410001761738,9.044590091975737
522.0,9.219930882220229,9.050069219514635
522.5,9.21346676279855,9.056533338688567
523.0,9.205977091194608,9.06402302831754
523.5,9.197416383570408,9.07258363919133
524.0,9.187743462858245,9.082256417197286
524.5,9.176920053393987,9.093079854898507
525.0,9.164901004094576,9.105098881204292
525.5,9.151641499628024,9.118358349870817
526.0,9.13710631099217,9.132893544188908
526.5,9.121271796512158,9.148728050836734
527.0,9.104244323918115,9.165755545520787
527.5,9.086175927395539,9.18382402952551
528.0,9.067229956763802,9.202769989536785
528.5,9.047551870036957,9.222448077931576
529.0,9.027295362761738,9.242704585751818
529.5,9.006629039226569,9.263370908910339
530.0,8.985698974514374,9.284300974471304
530.5,8.964663200211273,9.305336744092902
531.0,8.943671683418092,9.326328274932228
531.5,8.922888410240665,9.347111496321398
532.0,8.902452948600796,9.367547345820897
532.5,8.882546153507503,9.387454176598018
533.0,8.863298122372962,9.406702223692742
533.5,8.844864876788412,9.425135318473986
534.0,8.827421950812615,9.442578170336796
534.5,8.811113588074946,9.45888653912008
535.0,8.79609902020318,9.47390086350493
535.5,8.782516712314079,9.487483555802386
536.0,8.770540123900444,9.499460202703306
536.5,8.76031743444456,9.509682548251266
537.0,8.751998805472516,9.518001376711629
537.5,8.745759629274872,9.52424061838304
538.0,8.741720295816084,9.528279641610446
538.5,8.74006077140915,9.529939609369293
539.0,8.740944844528675,9.529055459382077
539.5,8.744503339343973,9.525497021140389
540.0,8.750910108599463,9.519089803503874
540.5,8.760303899411861,9.509696056350508
541.0,8.772849642806806,9.497150306099797
541.5,8.788707101553932,9.481292846949337
542.0,8.808020931367597,9.461979016785913
542.5,8.830953009057943,9.439046935599032
543.0,8.8576636265848,9.41233632146591
543.5,8.888282704417872,9.38171724235157
544.0,8.923006215338368,9.346993732974159
544.5,8.961949885240527,9.308050063640705
545.0,9.005286083260396,9.26471386419249
545.5,9.053172783496422,9.216827163176616
546.0,9.105758298595429,9.16424164993366
546.5,9.163206425754193,9.1067935237268
547.0,9.225676148711008,9.044323814369317
547.5,9.293358498199806,8.976641529963427
548.0,9.3664269871933,8.903572226242252
548.5,9.445052459001328,8.824933116382677
549.0,9.529361434434598,8.740558540807895
549.5,9.611067715393286,8.658931599995864
550.0,9.683216595864327,8.586787007673081
550.5,9.74586676292314,8.52412766716727
551.0,9.79914987629201,8.470844329621272
551.5,9.843233184549442,8.426761738809045
552.0,9.878349013284318,8.39164437426787
552.5,9.904734578607133,8.3652718465639
553.0,9.922703735434567,8.347306636440235
553.5,9.93262180677895,8.337376043986696
554.0,9.934890297820921,8.335104783948589
554.5,9.929988291634285,8.340019342882236
555.0,9.918322175610383,8.351673464749636
555.5,9.900472029548368,8.369528633523315
556.0,9.876938029920266,8.393062752618576
556.5,9.848307479886902,8.42169950291629
557.0,9.815155962035094,8.454848255738616
557.5,9.7780911369258,8.491910396214651
558.0,9.737730820509835,8.532277313249523
558.5,9.69466727071661,8.575328956262839
559.0,9.649576782670932,8.620424683730338
559.5,9.603060189594286,8.66694550623578
560.0,9.555762501006377,8.714247012314166
560.5,9.508311592701366,8.761693942336867
561.0,9.461304155513957,8.808699944196979
561.5,9.41533027875372,8.854666442113892
562.0,9.371039112338783,8.898962563080179
562.5,9.328911239632898,8.94108449037188
563.0,9.289604945185847,8.980390110439215
563.5,9.25357496652746,9.016416231003507
564.0,9.221350809472304,9.048642994403941
564.5,9.193421625293329,9.076575911759832
565.0,9.170219850299834,9.099774336593931
565.5,9.152190201349738,9.117811367223494
566.0,9.139665760922444,9.13033271196358
566.5,9.13301772796223,9.136984569518813
567.0,9.13222067524051,9.137786828947913
567.5,9.136702694719924,9.133297659233488
568.0,9.14601095998395,9.123999988793258
568.5,9.159554556881647,9.11045029960659
569.0,9.1768124098026,9.093183881294165
569.5,9.197268235645153,9.072745963886454
570.0,9.220329651691664,9.04967292447407
570.5,9.245524074933353,9.024475875447974
571.0,9.272303189466829,8.997698212050343
571.5,9.300165490576322,8.969838958936817
572.0,9.328601053901252,8.941402157741836
572.5,9.357132794015035,8.912866862088975
573.0,9.38530714068094,8.884694813081683
573.5,9.412664178676195,8.857336447013102
574.0,9.438781904429012,8.83121848851204
574.5,9.463283479159845,8.806717854189483
575.0,9.485786545869091,8.784213054458606
575.5,9.505963650235275,8.764033484139333
576.0,9.523510100899962,8.74649289546962
576.5,9.538140069403578,8.731859969692069
577.0,9.549633142334585,8.720367914371604
577.5,9.557795435356933,8.712204600502933
578.0,9.562464859390916,8.707536640657686
578.5,9.563512653090479,8.706485422092113
579.0,9.560874621359554,8.709124172808906
579.5,9.554518208664978,8.715482378854166
580.0,9.544443373558858,8.725561079094893
580.5,9.530695689912951,8.739305070007187
581.0,9.51337571107448,8.75662626013155
581.5,9.492606526652498,8.77739342447139
582.0,9.468556463370765,8.80144179797087
582.5,9.441443582676756,8.828555676047426
583.0,9.411510652180164,8.858486873082827
583.5,9.379045462683587,8.890952120750768
584.0,9.344350178111279,8.925651524710329
584.5,9.30778915263127,8.962211617054816
585.0,9.269744920296905,9.000255652354003
585.5,9.230612984684566,9.039385399443756
586.0,9.190833531556674,9.079167590240095
586.5,9.150863496330722,9.119135404742579
587.0,9.111166931578397,9.158833280979756
587.5,9.071841268475122,9.198160261857028
588.0,9.032709480577024,9.23728982896585
588.5,8.993547855767478,9.276451879810596
589.0,8.95409363452011,9.315909345687942
589.5,8.914043459634629,9.355957529157907
590.0,8.873087614198862,9.396913296919188
590.5,8.830872495666688,9.439126174101023
591.0,8.787028558970112,9.482969514826625
591.5,8.741191749432573,9.528808236968528
592.0,8.692934184906655,9.577070576113687
592.5,8.64193248977973,9.628118135758262
593.0,8.587868792578657,9.682166110683415
593.5,8.538920157356381,9.731082554744722
594.0,8.49873194673434,9.771269849012624
594.5,8.46682994315347,9.803169238772755
595.0,8.4428025723414,9.827196652870303
595.5,8.426226179528998,9.843773099366182
596.0,8.416675658285577,9.853323616433771
596.5,8.413730277804813,9.856268996063326
597.0,8.416979339934693,9.85301993291949
597.5,8.425988308237432,9.844010965323468
598.0,8.440341238222883,9.829658036210787
598.5,8.459623923695887,9.810375350159276
599.0,8.483406357602457,9.786592917213644
599.5,8.511277735705498,9.758721539023087
600.0,8.542807926632756,9.727191347571786
600.5,8.577579158246332,9.692420116139536
601.0,8.615178253560758,9.654821021417513
601.5,8.6551723778065,9.614826897144711
602.0,8.697149200773293,9.572850074142853
602.5,8.740686974580921,9.529312300226636
603.0,8.78535957033369,9.484639703731453
603.5,8.830755987119861,9.439243287347857
604.0,8.876447287612843,9.39355198736927
604.5,8.92201448029513,9.347984794628061
605.0,8.967042748548973,9.30295652619501
605.5,9.01110477607886,9.258894498666441
606.0,9.053782496310411,9.216216779159723
606.5,9.09465173280592,9.175347542118175
607.0,9.133297125347744,9.136702149582867
607.5,9.169358607338822,9.100640667519599
608.0,9.202752261057851,9.06724701402096
608.5,9.233475860875062,9.036523413956392
609.0,9.261536088567043,9.008463186344107
609.5,9.286921981082624,8.983077293664795
610.0,9.309635074439324,8.960364199101798
610.5,9.329677389226616,8.940321885391556
611.0,9.34705149359322,8.922947781319001
611.5,9.361746162157981,8.908253112261743
612.0,9.373768809701613,8.89623046458195
612.5,9.383115346499292,8.8868839282144
613.0,9.389783162932344,8.880216111828629
613.5,9.39377631239868,8.876222962773683
614.0,9.395084793952428,8.874914479179067
614.5,9.39371653737702,8.876282742240948
615.0,9.389667714473827,8.880331544323333
615.5,9.382936564881119,8.887062709227633
616.0,9.373524567734878,8.896474875872045
616.5,9.36138972734166,8.908606364555782
617.0,9.346935016136587,8.92305512925788
617.5,9.332146115100262,8.93785653961051
618.0,9.317933709761729,8.952068764789303
618.5,9.304141701254192,8.965858342752243
619.0,9.290811901484405,8.97918956483728
619.5,9.27793275727788,8.992069003744831
620.0,9.26549807003748,9.00450265838677
620.5,9.253499617417749,9.016502990696793
621.0,9.241929092926599,9.028068711382044
621.5,9.230817661255326,9.039182142558131
622.0,9.220128549664697,9.049870185226606
622.5,9.209881771000495,9.060118358410982
623.0,9.200065562742543,9.069937718669511
623.5,9.190674985425305,9.079322561356525
624.0,9.181735528479615,9.088265624702585
624.5,9.173225550988567,9.096776827134383
625.0,9.165151792031505,9.104848822941817
625.5,9.15752467867869,9.112477196303397
626.0,9.150339253485651,9.119662244431812
626.5,9.143601465688684,9.12640010718558
627.0,9.137316671333318,9.132683132936686
627.5,9.131484849176191,9.138516530611904
628.0,9.126106302817064,9.143894945841
628.5,9.121173551066144,9.148826215489315
629.0,9.116678431448435,9.153321405612957
629.5,9.112602708833478,9.157396077940888
630.0,9.108944435749068,9.161055262779588
630.5,9.105692686051965,9.164310238784548
631.0,9.102830808656973,9.167173031900601
631.5,9.100349262035701,9.169651604339466
632.0,9.098238514716195,9.171761840040347
632.5,9.096477804858672,9.173524468600249
633.0,9.095065200224333,9.174933458701037
633.5,9.0939907445531,9.176009991805174
634.0,9.093227308344636,9.17677292911549
634.5,9.092768640584062,9.177233886278605
635.0,9.092611857912615,9.177389529589956
635.5,9.09271694429549,9.177282330077128
636.0,9.093087477257589,9.176912933643587
636.5,9.093705928699064,9.176296822371446
637.0,9.094558721559709,9.175441385087472
637.5,9.095621896014588,9.17438096641112
638.0,9.096892687404074,9.173108237590826
638.5,9.098335213735739,9.171665654318613
639.0,9.099948660603772,9.170051330658174
639.5,9.101718520556206,9.168283003787408
640.0,9.103615581540291,9.16638576905736
640.5,9.105627181419647,9.16437294668771
641.0,9.107735794460282,9.16226314384979
641.5,9.1099302460646,9.160068362310428
642.0,9.112183411132786,9.157816967902676
642.5,9.114477932151429,9.155522291369904
643.0,9.116799142523513,9.153200266709522
643.5,9.119129957919277,9.150868834267666
644.0,9.121441025310421,9.148562297139023
644.5,9.123719018361731,9.14628291621808
645.0,9.125956681792292,9.144046704016779
645.5,9.12810585709681,9.141894030127377
646.0,9.130172961223357,9.139827139653523
646.5,9.132128483746278,9.137874426581416
647.0,9.133941804735201,9.136057152251173
647.5,9.135621449162478,9.134379303026405
648.0,9.137123407132526,9.13287522846545
648.5,9.138474719425783,9.131524687004953
649.0,9.139675905473169,9.130324354165344
649.5,9.140737488241177,9.129262201126439
650.0,9.141660755595364,9.128341070874049
650.5,9.142456902558774,9.127542358666453
651.0,9.143124389022205,9.12687564887032
651.5,9.143676194325035,9.126326536398588
652.0,9.144119942630532,9.12588225816556
652.5,9.144463314615459,9.125537922869503
653.0,9.144707613085057,9.125294136557176
653.5,9.1448546749889,9.125145324968534
654.0,9.14491771034576,9.125082684898063
654.5,9.144905333087545,9.125093539764368
655.0,9.14482216768396,9.125176893548273
655.5,9.144675410322385,9.125325070941633
656.0,9.144462240424826,9.125538830089473
656.5,9.144196862807522,9.12580471589162
657.0,9.143871465055971,9.126127677255523
657.5,9.143512397592977,9.126485603671783
658.0,9.143114543368128,9.126885801450625
658.5,9.142680689351096,9.127320734009194
659.0,9.142219458213708,9.127781547209288
659.5,9.141738458421578,9.128263298310337
660.0,9.141243239006231,9.128759988863354
660.5,9.140728174212656,9.129271811547792
661.0,9.140209241782038,9.129789895605866
661.5,9.13969753587843,9.130303259166485
662.0,9.13917817149191,9.13082313190137
662.5,9.138669026946136,9.131329159309672
663.0,9.138171116785323,9.131830468134996
663.5,9.137698588347725,9.132301167144496
664.0,9.13723766832866,9.132760888904084
664.5,9.13680400875925,9.133196191288803
665.0,9.136405751911818,9.133594721727787
665.5,9.136035369477979,9.133962947522006
666.0,9.135707953167552,9.134290218825482
666.5,9.135410907865019,9.134587314710448
667.0,9.13518123795781,9.13482078586427
667.5,9.134980768986495,9.135020550068239
668.0,9.134841415222304,9.135159664957419
668.5,9.134747535339102,9.13525291064134
669.0,9.13470935836186,9.135293541629073
669.5,9.134718719824793,9.13528327826496
670.0,9.13476822853363,9.135231920300498
670.5,9.134873228346693,9.135128900171392
671.0,9.135015608578346,9.134982996449354
671.5,9.135197175922825,9.134801580345538
672.0,9.13542290262411,9.134577651330739
672.5,9.13567963928737,9.134319869209216
673.0,9.135965125222057,9.134034443968746
673.5,9.13629232400809,9.1337092304647
674.0,9.136627822099069,9.133373334161494
674.5,9.136996397373716,9.133004673416195
675.0,9.137375903430485,9.132627225836965
675.5,9.137767682928322,9.13223352531537
676.0,9.13816688788396,9.13183398909525
676.5,9.138570645066897,9.131428966530068
677.0,9.13897284631718,9.131026076327458
677.5,9.139365003665851,9.130635067183848
678.0,9.139741375806423,9.130260271891197
678.5,9.140101833804325,9.129899004523658
679.0,9.140438933145981,9.12956156257644
679.5,9.140742252920939,9.129255830825596
680.0,9.141009978115145,9.128990175318922
680.5,9.14123208162781,9.128769759016127
681.0,9.14139606236142,9.128606134522702
681.5,9.141508435494554,9.128491331301335
682.0,9.141551181274556,9.128448754222509
682.5,9.141524027966044,9.128478710384446
683.0,9.141416203698236,9.128585212412087
683.5,9.141207279785654,9.128792419359671
684.0,9.140907598523347,9.129092770809104
684.5,9.140502630583152,9.129496627349543
685.0,9.139978826266086,9.130020894637862
685.5,9.139338920018993,9.13066170998176
686.0,9.138563643051796,9.13143782002021
686.5,9.137637934511046,9.132365107795595
687.0,9.136564222675558,9.133433486635973
687.5,9.135334436088662,9.1346649784139
688.0,9.133939296110743,9.136063668587292
688.5,9.132441100512935,9.137562349028162
689.0,9.130927444577976,9.139073313451698
689.5,9.129491439980951,9.140504924650754
690.0,9.128245296288929,9.14175551126743
690.5,9.127272264795263,9.142731109653319
691.0,9.126658826419414,9.143341632434803
691.5,9.126506342796251,9.143492556232838
692.0,9.126910333580712,9.14308948442134
692.5,9.12797096881047,9.142033530464618
693.0,9.129780404499265,9.140219065362096
693.5,9.132426949996825,9.137572722910306
694.0,9.136026127724863,9.133976978522899
694.5,9.140648413165094,9.129352209949097
695.0,9.14641870311447,9.123577458189013
695.5,9.153371892619258,9.116637776673544
696.0,9.16174524873897,9.108241407681032
696.5,9.171124017019633,9.09887446310497
697.0,9.179373582051092,9.090626572816419
697.5,9.186060938616642,9.0839380574976
698.0,9.191275409743414,9.078723886691419
698.5,9.19511143466604,9.074887606303157
699.0,9.197669749109519,9.072329580236621
699.5,9.199043922631862,9.070958541734088
700.0,9.199325384750656,9.070674375050844
700.5,9.198608832033184,9.071392629780808
701.0,9.196991539390247,9.073009588753056
701.5,9.194566641183373,9.075432104558205
702.0,9.19142653568377,9.0785725675902
702.5,9.187668257845052,9.082331429888368
703.0,9.183388359892282,9.086614155063156
703.5,9.178677781982767,9.091321600707964
704.0,9.173633627236747,9.096368091757837
704.5,9.168351179287475,9.101649837680878
705.0,9.162921037975261,9.107077313118813
705.5,9.157439820706669,9.112560639999298
706.0,9.152004745399575,9.117997566292752
706.5,9.146707483887592,9.123291791697344
707.0,9.14164587277867,9.128353203007395
707.5,9.136909962806657,9.133091790519368
708.0,9.132593775080577,9.137409409496811
708.5,9.128739219827894,9.141261412317624
709.0,9.125340653889248,9.144659585654951
709.5,9.122394804695597,9.147607527144515
710.0,9.119902467301515,9.150096565824553
710.5,9.117856826772188,9.15214202669678
711.0,9.116251777307642,9.153749874385397
711.5,9.115088989803775,9.154913799242394
712.0,9.114362364918716,9.155639914808237
712.5,9.11406596119169,9.155936745660213
713.0,9.114200115485838,9.155802809627716
713.5,9.114760338062089,9.155239503715672
714.0,9.115741824271215,9.154256891058866
714.5,9.11713270746731,9.152867397384592
715.0,9.118966272447073,9.151031952535574
715.5,9.121095885030051,9.14890271344028
716.0,9.123189878007228,9.146811722823909
716.5,9.125190947598284,9.144806468617002
717.0,9.127083702316932,9.142914225953948
717.5,9.128864263980109,9.141135685976801
718.0,9.130513791688843,9.139485295404894
718.5,9.132042003040192,9.137957397267465
719.0,9.133478524103916,9.136523416296063
719.5,9.134764051344323,9.135233629946617
720.0,9.13593811267964,9.134061999463563
720.5,9.136976759874344,9.133024324601378
721.0,9.137878284658557,9.13212226624876
721.5,9.138641799796494,9.131360562864892
722.0,9.13924674907086,9.130754236405767
722.5,9.139727502657252,9.130271606365643
723.0,9.14004296256078,9.129956015719936
723.5,9.140213120854208,9.129787128244518
724.0,9.140233476832199,9.12976826104912
724.5,9.14007599134226,9.129926669155331
725.0,9.13975793075168,9.130244539830457
725.5,9.139281694062888,9.130719413190493
726.0,9.13862760943353,9.131375350326094
726.5,9.137795413904186,9.132207122781718
727.0,9.13679394983471,9.133204200976339
727.5,9.135608655384234,9.13439194538725
728.0,9.134215789667156,9.135785897051274
728.5,9.132657986098772,9.137339634333689
729.0,9.130954909379343,9.139044737908835
729.5,9.129100804768798,9.140904117828821
730.0,9.127115413860682,9.14288227502597
730.5,9.125052446323082,9.144946331281028
731.0,9.122887444953227,9.14711419137628
731.5,9.120652191531438,9.149350235573186
732.0,9.118398832255084,9.151605158592572
732.5,9.116116273647505,9.153886570865936
733.0,9.113818121084396,9.156182602270839
733.5,9.111525559159587,9.158474548937388
734.0,9.10925411977676,9.160746715984036
734.5,9.107045376201985,9.162955592519754
735.0,9.104919404285637,9.16508057604783
735.5,9.10286657068865,9.167133189888277
736.0,9.100923119966309,9.169077217869853
736.5,9.099112374576302,9.170886723824117
737.0,9.097454096926093,9.172542788072242
737.5,9.09597268139576,9.174026127921238
738.0,9.09465010513903,9.175346359072648
738.5,9.093531110530952,9.176465288930778
739.0,9.092660987211675,9.1773406603645
739.5,9.092017689701429,9.177980826601468
740.0,9.09161498048502,9.178383199190142
740.5,9.09150234520789,9.178497999836523
741.0,9.09170987336718,9.178290468800512
741.5,9.092231946926763,9.177767417375524
742.0,9.093071008127122,9.176929670909386
742.5,9.094275371033616,9.1757272050054
743.0,9.095859860536654,9.174142779705349
743.5,9.09782287665231,9.172177698175842
744.0,9.100212750919617,9.169786310052178
744.5,9.103045458390888,9.166955300760849
745.0,9.10632310998396,9.163679198157505
745.5,9.110059593061903,9.159942115023263
746.0,9.114290191979407,9.15571180998339
746.5,9.11904496197838,9.150954079482881
747.0,9.12432074489324,9.145683722884954
747.5,9.1301325247649,9.13986861432383
748.0,9.136517109450674,9.133479512576969
748.5,9.143469947917474,9.126531030761655
749.0,9.150896497195292,9.119106166094785
749.5,9.158685504673533,9.111316081831268
750.0,9.166770499547011,9.103230256757936
750.5,9.17509243744949,9.094908916608293
751.0,9.183526362176927,9.086472656906748
751.5,9.192000844958422,9.077995218054609
752.0,9.200453591987625,9.06954446697409
752.5,9.208747457738445,9.061252516290274
753.0,9.216804063866489,9.05319634862921
753.5,9.224590467345593,9.045412080040768
754.0,9.231972968168314,9.038026839623434
754.5,9.238843400442516,9.031150406246107
755.0,9.245189660340495,9.024812192462878
755.5,9.25083232478977,9.019168952471311
756.0,9.256033914678072,9.013966931736332
756.5,9.260901351526714,9.009099684636505
757.0,9.265368231543192,9.004632740230617
757.5,9.269339078230063,9.000661904463747
758.0,9.272722118762584,8.997278879569953
758.5,9.27544026955839,8.994560692057595
759.0,9.277396824532525,8.992604153880425
759.5,9.278511440243557,8.99148970539925
760.0,9.278694432532525,8.991303322894193
760.5,9.277859518728798,8.992138080739
761.0,9.275918251487274,8.994078816114122
761.5,9.272793527201824,8.99721069896521
762.0,9.268380530443789,9.001617781726095
762.5,9.262603458367746,9.007393203399172
763.0,9.255377560532036,9.014626863975428
763.5,9.246608402404476,9.023389311468211
764.0,9.23621360028498,9.033790585615515
764.5,9.22410333907091,9.045900498015701
765.0,9.210197078886873,9.0598077688812
765.5,9.19489400577329,9.075099650173387
766.0,9.180496078188607,9.089501284179711
766.5,9.167336405513222,9.102667261999015
767.0,9.155289817088235,9.114714226771166
767.5,9.144275203358937,9.125721878721977
768.0,9.134217859571926,9.135782311627317
768.5,9.125030558883537,9.144972648909889
769.0,9.116674172361206,9.153324856435443
769.5,9.109149847078058,9.16085855245554
770.0,9.102396242774017,9.167605241607863
770.5,9.096398087527072,9.173603352898265
771.0,9.091141346026253,9.178865341510305
771.5,9.086560378734923,9.183442805302407
772.0,9.0826582579042,9.187342010340068
772.5,9.07939724899853,9.190604031557275
773.0,9.076748574160755,9.19325094137598
773.5,9.07467576902505,9.195326500321892
774.0,9.073155812340747,9.196847998638459
774.5,9.072157208169017,9.197843635710418
775.0,9.07165249701425,9.198350978833037
775.5,9.071609989278503,9.198391733808473
776.0,9.072002567252913,9.197998872413633
776.5,9.072781136253106,9.197216346391718
777.0,9.07395331084729,9.196049561682107
777.5,9.075456043328144,9.194543861801343
778.0,9.077275102186821,9.19272171915655
778.5,9.079379998144523,9.190620505844182
779.0,9.081734202458629,9.188259167008967
779.5,9.084318496058643,9.185682785453807
780.0,9.08709368200572,9.1829036795469
780.5,9.090031894912679,9.179971002347589
781.0,9.093108765485608,9.176890922150292
781.5,9.096292050233915,9.173712577677751
782.0,9.099543920619068,9.170454662805938
782.5,9.102858273892327,9.167151799357793
783.0,9.106167376818734,9.163830250800252
783.5,9.109488413463406,9.16051687268587
784.0,9.112761580333872,9.157236814211375
784.5,9.115962320883359,9.154033989739691
785.0,9.11907177249467,9.150926885182757
785.5,9.122055173932226,9.147941532386588
786.0,9.124889056687095,9.145110704162079
786.5,9.127542083667944,9.14245821206387
787.0,9.12998548310919,9.140016065474347
787.5,9.13220261406233,9.137798083734307
788.0,9.13415134857261,9.13584870595129
788.5,9.135815602276201,9.134189128093977
789.0,9.137196197399565,9.132798202962485
789.5,9.138310635698694,9.13169422939932
790.0,9.139188687658363,9.130815178009447
790.5,9.139853786277733,9.130149704846536
791.0,9.140325287443762,9.129673573070525
791.5,9.14062632012496,9.129368190425048
792.0,9.14079717337959,9.129206162109778
792.5,9.140809771162882,9.129184780113723
793.0,9.140732422113631,9.129271127638116
793.5,9.140562818128032,9.12943608402337
794.0,9.1403163341847,9.129676614606478
794.5,9.140002498981364,9.12999775605269
795.0,9.139644368577008,9.130354876131987
795.5,9.139263432396426,9.130738639863662
796.0,9.138849435411002,9.131154478822921
796.5,9.138425068714744,9.131572949465731
797.0,9.1380003464163,9.13200344566393
797.5,9.137600582620236,9.132396950251863
798.0,9.137217211763728,9.13278129602988
798.5,9.13684308438289,9.133152564640254
799.0,9.136484474903323,9.133515708309174
799.5,9.136201008563562,9.133794905262175
800.0,9.135920011493528,9.134084078319312
800.5,9.135696958794517,9.134307867362143
801.0,9.13551294243141,9.134483628532923
801.5,9.135356261196952,9.134641649118892
802.0,9.13525832790762,9.134742634488195
802.5,9.135193345601522,9.13481104639446
803.0,9.135151486258508,9.134847804344775
803.5,9.13514961005387,9.13485069402645
804.0,9.135169004440021,9.1348249193327
804.5,9.135207540748349,9.1347946086561
805.0,9.135257429000506,9.134753537918106
805.5,9.135308010627712,9.1346954924743
806.0,9.135349924956376,9.134652035271706
806.5,9.135366835628433,9.134634121552239
807.0,9.135353895711217,9.134642400701644
807.5,9.13530230978075,9.134700774737894
808.0,9.135185123039772,9.134809665367667
808.5,9.134996065957486,9.135005798784826
809.0,9.13471351373159,9.1352879820713
809.5,9.134305251838072,9.135690348308701
810.0,9.133779113554013,9.136219771575396
810.5,9.133097138232259,9.136909609325146
811.0,9.132244586035032,9.137751467325922
811.5,9.131214723621573,9.138780214423564
812.0,9.13000969682134,9.139982981206563
812.5,9.12862139459432,9.141372157933048
813.0,9.127047493886858,9.142953140441929
813.5,9.125286754591093,9.144719491030331
814.0,9.123345031690713,9.146655565836118
814.5,9.12124614554665,9.148748297122799
815.0,9.118985788974301,9.151015389276731
815.5,9.116589030233719,9.153408342671908
816.0,9.114063742509432,9.155942132468773
816.5,9.111445698874853,9.158558874880104
817.0,9.108752252395458,9.161246405608324
817.5,9.106021373987266,9.163984385987883
818.0,9.103270453357228,9.166736029386552
818.5,9.100554590173479,9.169447556213608
819.0,9.097896302291124,9.172108918192649
819.5,9.09533455467801,9.174669218238632
820.0,9.0929303120791,9.177075077865513
820.5,9.090727668982254,9.179274066163966
821.0,9.088763975545554,9.181239943013242
821.5,9.087117181864965,9.18288439958945
822.0,9.085830767682827,9.18416770371178
822.5,9.084970754973492,9.185024018812229
823.0,9.084625095897062,9.185374717620306
823.5,9.084807401437645,9.1851971955973
824.0,9.085646201684014,9.184352957997318
824.5,9.087197812534152,9.182801945797266
825.0,9.08954813844944,9.18045958025657
825.5,9.092760325346996,9.177235445660651
826.0,9.09694749587852,9.173055021169873
826.5,9.10217509070205,9.167826150840673
827.0,9.108572979616062,9.161425354059956
827.5,9.116206191329859,9.153794816354285
828.0,9.12519269511616,9.144802177024616
828.5,9.134938657541682,9.135056881414542
829.0,9.142694844116258,9.12729943915307
829.5,9.148550428804427,9.121446996307675
830.0,9.15300001314928,9.11700262753698
830.5,9.156529743715291,9.11347188524772
831.0,9.159641255027472,9.110356479467484
831.5,9.162819531614485,9.107180748237788
832.0,9.166561221888132,9.103440999485638
832.5,9.171352404204303,9.098647736952005
833.0,9.177695972815012,9.092300632981113
833.5,9.186081385868837,9.0839102723396
834.0,9.196998426677624,9.073001155053644
834.5,9.210942269733351,9.059049208759763
835.0,9.22840657706417,9.041585546401981
835.5,9.249876873774934,9.020113543290538
836.0,9.275857690582228,8.99414186924403
836.5,9.306835452898543,8.963155562038782
837.0,9.34329893023882,8.92669981162256
837.5,9.385742878371431,8.884261855296224
838.0,9.428420506733241,8.841581009261997
838.5,9.45821845879008,8.811779162201317
839.0,9.47565270360917,8.794341145834842
839.5,9.481870556136297,8.788139452063046
840.0,9.47800840480883,8.791996492082575
840.5,9.465332509815529,8.804664263100856
841.0,9.445150876380959,8.824852338119083
841.5,9.418731550089646,8.851262372456773
842.0,9.387479280309083,8.882524959693855
842.5,9.35270141852688,8.917296864682513
843.0,9.315752682364472,8.954251493543978
843.5,9.277955931012322,8.992039289341713
844.0,9.240640322459994,9.029350876018555
844.5,9.205053639070044,9.064944843128298
845.0,9.172465671421074,9.097534691205578
845.5,9.144011777944591,9.125979704565086
846.0,9.120888479605554,9.149110492815328
846.5,9.104152763430976,9.165845245053585
847.0,9.094806032660994,9.175199496415301
847.5,9.09384445354404,9.176154945201935
848.0,9.102131854223181,9.167856599902805
848.5,9.120484832989398,9.14950481335148
849.0,9.149627845993441,9.120372865135431
849.5,9.189536295109544,9.080462314835875
850.0,9.239497386850207,9.03049556145786
850.5,9.298755552547435,8.97125124196798
851.0,9.366369718282145,8.903628435850381
851.5,9.441429928927842,8.82856347446165
852.0,9.523000063353935,8.747009598825738
852.5,9.61000301028281,8.659998408915659
853.0,9.701395738276027,8.568607614707672
853.5,9.796078162170618,8.473929176652376
854.0,9.892886972603934,8.377118027919565
854.5,9.99064461987095,8.279346983888097
855.0,10.088150647186845,8.18184762429279
855.5,10.184172005191533,8.085826636038561
856.0,10.277465235082591,7.992538992364569
856.5,10.366800702406076,7.9031981222882175
857.0,10.450907182546905,7.8190918636195885
857.5,10.528589779984047,7.741406543936831
858.0,10.598649620135271,7.67135511750227
858.5,10.659890165107786,7.6101228016865
859.0,10.711212346363418,7.558786119915173
859.5,10.751648799561197,7.518360284138163
860.0,10.780178293420494,7.48981331070948
860.5,10.795965120539101,7.474034120428104
861.0,10.798275293136692,7.471727727225592
861.5,10.786512494431639,7.4834920088720684
862.0,10.760155009376971,7.509845328640598
862.5,10.71888396346688,7.551121900479319
863.0,10.662526567774796,7.6074732662747016
863.5,10.59096818653402,7.67903235228607
864.0,10.504381885828302,7.765619990284535
864.5,10.402964298275315,7.867037238886249
865.0,10.287117667551712,7.982885616731508
865.5,10.157354797405274,8.112645333177825
866.0,10.01430130484177,8.255695872344145
866.5,9.858696237082695,8.411304245764317
867.0,9.692884257263248,8.576721760335888
867.5,9.531465268468093,8.738564866516832
868.0,9.380546295087015,8.889454816238215
868.5,9.239841035859037,9.030155540130577
869.0,9.109486577301704,9.160510124021322
869.5,8.989543255848089,9.280453510335704
870.0,8.879723065762684,9.390273709468868
870.5,8.779725844529832,9.490270931975855
871.0,8.689226637330025,9.580770139552147
871.5,8.607922253681767,9.662074514702448
872.0,8.535479003228316,9.734517773601363
872.5,8.471612350454528,9.79838442632342
873.0,8.415989245728905,9.854007530791455
873.5,8.368305746091565,9.901691025813525
874.0,8.328247538230254,9.941749231656857
874.5,8.29548978690275,9.974506987207686
875.0,8.269743369927088,10.000253406189039
875.5,8.250659851287285,10.019336922134107
876.0,8.23795477102923,10.032042005493594
876.5,8.231313900930495,10.038682865779657
877.0,8.230412636053574,10.039584135767347
877.5,8.234953502741698,10.03504327203951
878.0,8.244593080113525,10.025403696100026
878.5,8.259054573574227,10.010942197614316
879.0,8.277997037664923,9.991999735087623
879.5,8.301119542059048,9.968877234595327
880.0,8.328107273417253,9.941889498673504
880.5,8.358650136531725,9.911346634295617
881.0,8.392422641708006,9.877574135373168
881.5,8.429130103984043,9.84086667298589
882.0,8.468447888615797,9.801548889976157
882.5,8.510069215101739,9.759927551915855
883.0,8.553668122594035,9.716328683230742
883.5,8.598947155518998,9.67104959024253
884.0,8.645578712358262,9.624417203384684
884.5,8.693261005752301,9.576730436731028
885.0,8.741686636913114,9.528305590628623
885.5,8.790516694135468,9.479474701543241
886.0,8.839433702551107,9.430562364190457
886.5,8.887779976293213,9.382217383880187
887.0,8.935064864208005,9.334941563888655
887.5,8.98098766146584,9.2890148001599
888.0,9.025224559864668,9.244774896884268
888.5,9.067439652342642,9.202555622209236
889.0,9.107385098720103,9.162617490359239
889.5,9.144698436605811,9.125304793402607
890.0,9.179155704587043,9.090843515776644
890.5,9.21086629008563,9.059134224395757
891.0,9.239906733030772,9.030087147339156
891.5,9.266327316568441,9.003669799643644
892.0,9.290208771807885,8.979788983947753
892.5,9.311643222293599,8.95835898497241
893.0,9.330715036154785,8.93928621469029
893.5,9.347447917501773,8.922561583057668
894.0,9.361970378220578,8.908018714796235
894.5,9.374372715208777,8.895631537676385
895.0,9.38467593957586,8.885332153770875
895.5,9.392991083442276,8.877009780386645
896.0,9.39939769487765,8.87060920292833
896.5,9.403967690973102,8.866031376020821
897.0,9.406748409521656,8.86325132619007
897.5,9.407874766818175,8.862133478132996
898.0,9.407386769831604,8.86261800786448
898.5,9.40538729705139,8.864608123814953
899.0,9.401946322036451,8.868049982525228
899.5,9.397106268188976,8.872888144197487
900.0,9.390984568388996,8.879019114216252
900.5,9.383664462404935,8.886338274574026
901.0,9.375203322088787,8.8948025651263
901.5,9.365672432334739,8.904334468171147
902.0,9.355175577040093,8.91482654179772
902.5,9.343772473169071,8.926223173106692
903.0,9.3315595689133,8.938434802481131
903.5,9.318588841097819,8.951417670453615
904.0,9.304963034758185,8.96502502811547
904.5,9.290939216446938,8.979377033875203
905.0,9.293068750057435,9.010767397843395
905.5,9.322521581831701,9.069855232046283
906.0,9.379129926985996,9.156037821563043
906.5,9.462487461965733,9.268485638504785
907.0,9.571972526882165,9.406182835103985
907.5,9.706779548656717,9.567965025122222
908.0,9.865938442127103,9.752555387668082
908.5,10.048356740110197,9.958605642635982
909.0,10.252853367308274,10.184731845354046
909.5,10.4781921413168,10.429547419911096
910.0,10.723110863999581,10.691682861758334
910.5,10.89396167372442,10.88106895589274
911.0,10.611145876530244,10.633986538675057
911.5,10.346043311389902,10.404419104224864
912.0,10.100108912032685,10.19346683813571
912.5,9.874833527730027,10.002219978720786
913.0,9.671717867159472,9.831736607989455
913.5,9.492239922516376,9.683017490749954
914.0,9.337816391353938,9.55697884162547
914.5,9.20975942813408,9.454424304778309
915.0,9.109230959083575,9.376017783476938
915.5,9.037197632504437,9.322258982053588
916.0,8.994368280500998,9.293463552118583
916.5,8.980754490861319,9.28923759790492
917.0,8.977762794546399,9.29222766593152
917.5,8.97627499765709,9.29371583842152
918.0,8.976360367856241,9.293641648783268
918.5,8.978086942012428,9.291908989025492
919.0,8.981529017407203,9.288468413052964
919.5,8.986799079329796,9.283198419589642
920.0,8.993949570562789,9.276048505631348
920.5,9.003059604877969,9.266940622447358
921.0,9.01424485403984,9.255744573599888
921.5,9.027570509461915,9.242420650031496
922.0,9.043065770066764,9.226926785210592
922.5,9.060915992722206,9.209086346875091
923.0,9.081115126502926,9.188884349153652
923.5,9.103795286432298,9.166199769774998
924.0,9.128961424895536,9.14103677839731
924.5,9.156761077754634,9.113240158997334
